,text
0, 是非に是非に！
1,Sを取られてしまった。 
2, すでに示談が成立していることと、逃走する恐れがないことかららしいですよー。
3, やはり大変ですか。
4,"家入さんがよく宮崎に来ているという情報は聞いていたけど、これが理由なのかどうかはわからない。

CAMPFIRE、地域クラウドファンディングFAAVOを買収　宮崎・若草通りで記者会見 "
5,"RT : 移転パーティーみなさんありがとうございます。

ほんといいメンバーと周りの方々に恵まれてます。

明日からもう一度気合い入れ直して頑張ります。

やっとスタートラインに立てたので、地に足つけて一歩一歩着実に。 …"
6,"RT : ！？？？！！！？？

すごっ！ "
7,RT : バーチャルYouTuberが司会する大ビンゴ大会。未来感あるね！ #ミライアカリ #DUO 
8,"Amazonギフト券10000円分貰った！
嬉しい😄 "
9,"duoの新オフィス記念パーティー！

塚本さん。
24歳でこれは憧れる！ "
10,"高校生ビジコン！

すごいプランが何個かあって、新たなアイデア湧いてきた！

#NES2018 "
11," 

度胸のある女性を応援したい。 "
12,渋谷駅前で頑張る子。 
13,お花見🌸 
14,"   お久しぶりです
お待ちしてます"
15,RT : 誰にも負けない分野を１つでも持つあなたへ by 株式会社スカイワード (@) #wantedly 
16,"Wontedly本社！
すごく綺麗、、、 "
17,"何とか21時発の東京行きに乗れましたー。

久々に焦りました、、、 "
18,そういえばホリエモン今宮崎にいるよ。
19,"  可能だと思います！

そんな製品を企画して開発したいです。"
20,"  わかります。
姿は見えなくとも、何か見えない温かいものを感じます。"
21,"  そうなんですか！！
あれはアナログながら、ご近所とのコミュニケーションを取ることができるので大切ですよね！"
22,ご近所から回覧板が回ってくるのは田舎だけ説。
23," そう言って頂けて何よりの励みです。
ありがとうございます。"
24,"是非読んでいただけると幸いです。

 "
25, 月末まで耐えてください（泣）
26,"今乗っているバス、私以外の12人はすべておばあさん。

超高齢化社会を身近に感じられる。"
27," ありがとうございます。

期待してます。

もちろん構いません！
どんどん宣伝してください！

宜しくお願いします。"
28, そこにユニーカーも追加しましょう！
29,"ありがとうございます！

スタッフにこんなこと言われるとかなり嬉しいです。

#スカイワード "
30," ウソでしょ（笑）
肩書多すぎ！"
31,"RT : 自分、今の会社、天職…いや、天社かもしんない、、、。

やり甲斐しか感じない。"
32," ありがとうございます。

最近このように言葉を掛けてくれる社員の方がちらほら居て感激してます。

明日も大変ですが、宜しくお願いします。"
33,家の鍵が空いてなくて、近所のマックに駆け込むハメに、、、
34,睡魔と戦いながら会議をする今日この頃。 
35,  誰か離任したの？
36,経営者交流会の待ち合わせ場所オープン前のバーというのも、とても風情があります！ 
37, この写真は雪が降るのは数年に一度と言われる宮崎県なんです（笑）
38,シンプルすぎて便利なのかそうでないのか、車を運転しない私にはわからない。 
39,"どんなに知識や理論で武装しても、経験という盾には遠に及ばない。

経験は武器であり、守るべきものを守るための盾のよう。"
40, 普通にプライベートで会おうや
41, けいすけにも会いたいなー！
42, イオン行った？
43," さっきまでね！
iphoneの修理に行ってたから"
44,"初めてイオンのタリーズに来た。
落ち着くレイアウトがなんとも言えない"
45,RT : 昨日も言いましたが、若い起業家の子たちに伝えたいのは「戦う敵を見誤るな」ということです。競合は？強みは？なんてVC含めこれから何度も聞かれると思いますし、同世代の起業家を意識することも多いと思いますが、本質的に自分の伝えたい価値を目の前のユーザーに届けること…
46,"社長が新入社員面接に挑戦するとか、パソナさんユニークですね。
"
47,RT : 「エンジニアの力でベナンを変える」、学習管理システムの開発でベナンの教育現場に革命起こす！ 
48,RT : #Kreaateで記事を書こう 
49,"RT : インターンシップ生はProgate無料！
もちろん分からないことはいつでも質問できます。

＃インターンシップ
＃エンジニア
＃プログラミング
＃Progate
＃スカイワード"
50,"大歓迎です！
すぐDM下さい。

 #MySarahah  "
51,RT : プログラミング教室の生徒募集中です 🙂 Webサイト制作の基礎から学べます。 
52, いや、駅の豊吉うどん
53,宮崎のビジコン見てたら関学や関大から応募してきててすごい出会い
54,"高校時代の部活帰りによく食べていたうどん。

すこし贅沢をしてたぬきうどん！
それでも230円というコスパは都会には真似出来ない。 "
55,"ピーチ、バニラエアが経営統合の方針！

国内格安航空会社2位と3位の経営統合により、売上規模は国内首位のジェットスターを上回る見込み。
ANAの子会社同士を連結することにより、経営基盤を強化する狙いがあると見られます。"
56," まじか！
めっちゃええサービスよな！"
57," そうそう！

こちらこそ！また会いましょう！"
58,"インターンシップ生はProgate無料！
もちろん分からないことはいつでも質問できます。

＃インターンシップ
＃エンジニア
＃プログラミング
＃Progate
＃スカイワード"
59,"イオン、案内板が少ないような気がする。
これは迷うわ、、、"
60,"そんなことってある！？
宮崎だけなんかな "
61, また会おうや
62, ひろくん今宮崎！
63,"新しくできた宮崎のイオンのUIが良すぎると聞いたので行ってみます

あと、新イオンを設計した知り合いの建築士のドヤ顔がすごいのも理由の一つ"
64," 確かに！
これで日本も安泰ですね（笑）"
65," 増殖してますね、、、
スタートアップ業界からすれば厄介です。"
66, さすが写真家と言える1枚目ですね
67, 1枚目スマホ撮影ですか？
68,To Miyazaki. 
69,"明日のアポをドタキャンされたので、大至急荷物をまとめて宮崎への最終便に乗りたい（願望）

ワンチャン泣きながら家に戻るかも"
70,"GPSと連動してラインの一言とかに現在地が表示させるサービスないかな。

事前にアポが決まってることよりも、その時の連絡でアポが入ることが多い。

そういう要望があったので、アナログながらもラインの一言に現在地を書いてます。"
71,"RT : 春から大学とかで上京してきた人、いきなりインターンの面接から新年度を始めよう！

#春からスタートアップ"
72,    真顔で吹いた
73,"RT : エンジニアのインターン募集しております。
これからは高い技術を持つだけではなく、企画のできるエンジニアが優遇される時代だと考えております。

あなたもこれからは企画・エンジニアリング、その両方を身につけたユニーカーです。
…"
74,"JRよりも阪急電車の方が、1車両のエアーサスペンション力が強い気がする。

正確な数字を自社のホームページに掲載してくれないかなぁ（どうでもよすぎてするわけない）。"
75,宮崎にいる3社ベンチャー企業の名前を文中に入れたけど、気づいた人いるかな。 
76,RT : 弊社代表は特に内容等何も聞かされておりませんが、するそうです。フリーランスの方々は是非お越しください！代表もフリーランスですので、情報等共有できるかと思います！ 
77,"RT :  初めまして！
こちらこそフォローまでして頂き、ありがとうございます。

大変申し訳ないのですが、返事が文字数制限内にまとまりきらなかったので、画像を添付します。
(伝えたいことが140字内に収まりませんでした･･･)

長文にな…"
78,"ありがとうございます！

都会の経営者からは宮崎に固執するのは良くないと言われ続けてますが、友人から言われた、
「地方を発展させるためにビジネスがある」
という言葉を胸に、確立した目的を持って頑張っていきたいと思います。

宜しくお願いします。 "
79,"RT : 友人の会社がインターンの募集を始めたそうです

誰にも負けない分野を１つでも持つあなたへ by 株式会社スカイワード (@)  #wantedly"
80,"エンジニアのインターン募集しております。
これからは高い技術を持つだけではなく、企画のできるエンジニアが優遇される時代だと考えております。

あなたもこれからは企画・エンジニアリング、その両方を身につけたユニーカーです。
"
81,"宮崎に他県のベンチャーを。
過疎地域市場にアラタナ可能性を。
これからブランディングすべきはエンジニア。
夢と言う名の空に向かって。
新ベンチャー&amp;MIYAZAKI

"
82,"RT : 社長。
 "
83,"株式会社duo

渋谷のベンチャー企業！ "
84,今度宮崎に移住されるしょーごさんも今日からユニーカー（Uniquer）です！ 
85,遊戯王のVRコンテンツがあったら絶対やるなー
86,真顔は潜在需要があるかもしれないなぁ
87,RT : これから先の時代は真顔力
88,RT : 童顔をわらべがおと読む社長がいてなんか楽しくなってきた
89,"どうも、ユニーカー（Uniquer）です。

以前からこの言葉を流行らせたくてうずうずしてたけど、ようやく公開します笑

ユニークな人は今日からユニーカー。"
90,"とある地方人︰
「地域を活性化させる手段としてビジネスがある」

色々と考えさせられます、、、"
91,"めちゃくちゃいい天気！

自動走行電車ユリカモメより。 "
92,"RT : 13時35分頃の噴火。
#新燃岳 "
93,RT : 爆発的噴火が起きた #新燃岳 の火口から約6kmほどにある鹿児島県の霧島温泉郷。噴火に伴うとみられる降灰は、宮崎県の都城市や鹿児島県の霧島、姶良両市などで確認されています（撮影・金子卓渡）&lt;喜&gt; #噴火 #降灰 …
94,"どんな職業だろうと、それに人生を掛けて挑んでいる人がいる限り、それを馬鹿にする権利など誰にもない。

人の夢を馬鹿にする成金を横目で見てて、すごく腹が立ちました。"
95," そっか！
よかったです！"
96," なるほど（笑）

入院はいつくらいまでになりそうなの？"
97," うわーー（泣）
何の試合？"
98," おー！？
どうした！？"
99, 今度写真撮ってください（笑）
100,動画広告市場は2020年に2000億円を突破、YouTuber市場も2022年に579億円へ——YouTube総研 – TechCrunch Japan 
101," まだまだ未熟ですが（笑）
はるかさんには勝てないですよ！"
102,スケジュール的なのもそうだけど、半分くらいは丸2日寝てないのも影響してます、、、
103,"今日は朝から宮崎に向けてヒッチハイクを挑戦しました

残念ながらスケジュール的な都合で広島で断念せざるを得ませんでした

ですが、合計4台の車と1社の社員旅行の方々にのせていただきました！

多少の遠回りでも、そこで得られる一期一会は飛行機に乗るより遥かに価値のあるものだと思いました。"
104, 標準時子午線を超えたところ
105,現在朝の4時半、是が非でも宮崎にたどり着きます！！！ 
106,RT : インフルエンサーマーケティング事業を展開するVAZが総額11億5200万円のシリーズＣラウンドの資金調達を完了  
107,"昨日噴火した新燃岳が前回噴火したのは、東日本大震災の2ヶ月前。

震度は小さいせいでニュースにはならないものの、マグニチュードが4.0以上の地震がこの1ヶ月頻発してるのは明らかに異常です。

いつ何が起こるかわからないので、注意しておきたい。"
108,RT : 守り方の違い(個人的解釈) 
109,煽る人間よりも戒めてくれる人間を大切にしたい
110,"   その言い訳何回目ですか（笑）
まあそんなことより、この健気なカップルを応援しようじゃありませんか！"
111,楽天・三木谷社長「楽天コイン」構想を披露: 日本経済新聞 
112,   瑞葉さん、あなたはまずラインを無視しないでもらっていいですか？
113,  イチャつくなって！
114,"RT : 将来、単純労働はすべてAIに乗っ取られる？ww
AIよ、やれるもんならやってみやがれｗｗｗww "
115,"RT : 「僕にとって電車よりタクシーの方が安い」と言ってる人がいて理由を聞いた

・タクシーの中だと電話や仕事ができる
・インフルの感染経路として多いのがバス、電車。インフルになって仕事できない損失考えたらタクシーの方が安くつく

とのこと。金額的な安さと…"
116,"『グレイテストショーマン』を見てきました！

色々なことを考えながら見てると涙が出ますね。

すべての行動において自己満足ではなく、誰かのためにと言うことを忘れてはならないと再認識しました。

「最高の芸術は　人を幸せにすることだ」"
117,"RT : AWS のように、料理やマッサージなど技術のある方がボタンひとつで開業できるところまでいきたい。
また Airbnb のお部屋が、これまでホテルが提供してきた画一的なサービスを否定しながらもスケールしたように各地域に超多様な個性がずらりと並ぶカオスな世…"
118," そうなんだ。
いつか乗ってみるわ！"
119,"RT : 【東京開催】
2月24日(土)＠東京ビッグサイト
2019年卒向けの合同企業説明会に参加します！

エントリーはこちら✍


#ライク　#ライクスタッフィング　
#ライクキッズネクスト　#合説　#1…"
120,"宮崎　→　大阪。
JALの機内誌『SKYWARD』

弊社ホームページの検索順位ランキングの大敵です。

#JAL 
#スカイワード
#skyward "
121,"近年地方では小さな子供と大人が一緒に遊べる場所がどんどん減ってきています。
そのせいか子供から目を離し退屈そうにする大人が多く見受けられました。

ローコストのITで何とか出来ないものでしょうか。

そんなことを考えながらも結局は全力で可愛い小人と遊んだ1日でした笑 "
122,宮崎の田舎まで行くと、温泉のロッカーも10円になるのかー笑 
123,お子様のお守りをする年になりました。 
124," らしいですね！
早速病院を予約しました！"
125,これが第一歩。 
126,宮崎に帰ったら恒例のチキン南蛮。 
127,"先日オープンした宮崎のプログラミング教室を見学してます。

ITの浸透してない地方で開講するとこんなに集まるのかと、とても驚きました！

宮崎で弱肉強食の世界への火蓋が落とされるのは間近かもしれません。

#宮崎
#プログラミング 
#スタディプレイス.me "
128,RT : 全員見習ってくれ 
129,"電車に乗るために並んで、駅員が切符にハンコを押すととても風情があるように思います。
　地方には様々な分野でITが代替できるコトがありますが、地方ならではの伝統や文化はIT業界が侵してはならない領域なのかもしれません。

#宮崎 "
130,"アリババの『To the Greatness of Small.』。

すごく感動した。小さな偉大さへ。

"
131,"RT : 協力をぜひお願いします。Tポイントでも可能です
: 【寄付2倍】台湾東部地震 緊急支援募金（Yahoo!基金） - Yahoo!ネット募金 "
132,RT : 九州のみなさん、明日は宮崎に来ませんか？ 
133," いやほんとそれね！
新快速乗り遅れた時のイライラは、楽しみにしていたおやつを食べられた時に匹敵するよ！"
134,電車を扉直前で乗り遅れ、次の発車まで10分という間でもイラッと来る今日この頃ですが、県内最大駅においても電車が1時間に1本前後しかない宮崎県が好きです笑
135,宮崎、そして日向学院はいつまでも私の故郷です。 
136,"RT : 現役学生起業家(19)のロボットスタートアップへ投資　 若年経営者育成支援2社目、ロボット活用で社会問題など解決へ : 読売新聞
 "
137,"RT : 関学から続々資金調達が決まっているのは素晴らしい☆

東証1部ライク、現役大学1年生が起業したスタートアップへ出資　若年経営者育成支援の一環、システム開発で社会問題など解決へ - SankeiBiz（サンケイビズ） …"
138,"RT : 【資金調達リリース】
いま、絶賛CM放映中の、東証一部上場企業ライク株式会社より、出資していただくことが決定しました。
金額は非公表ですが、 ”人”を軸としたライク社とロボットの会社である弊社により、
“人とロボットが共生する社会”を本気で創っ…"
139,USJ再生の森岡毅が語る「マーケティングが機能しない組織で起こっている問題」 - マーケティングが「機能する会社」と「機能しない会社」は何が違うのか？ 
140,"一年前の今頃は某引越会社でバイトしてて、朝の6時半から夜の23時半まで働かされるブラック企業でした。

私は今でも、そしてこれからも1万円の重み、またそれを稼ぐ大変さも忘れてはならないと心から思いました。"
141,"【キスの効果】
キス1回で
モルヒネ10倍の鎮痛効果
ストレスの1/3解消
キス1分間で6.4カロリー消費

出勤前にキスをしてから家を出る
カップルの方がそうでないカップルに比べ 
欠勤率が低く交通事故に遭う確率も低い。

収入も25％高く.寿命は5年長いそう。"
142,"もう日課となっている映画館。

いつものごとくポップコーンペアセットを頼むと、受付のお兄さんが高校の同級生というサプライズ！！！

トレーニング中になってたから、新しく入ったのかな。 "
143, さっきこっちに帰ってきましたー笑笑
144,駅弁だけでも博多を満喫しよう大作戦❗ 
145,"RT : コインチェック→全通貨出金制限
ビットフライヤー→度重なるサーバーダウン
ザイフ→サーバー不安定、問い合わせは永年無視
GMOコイン→突然の売り制限
ビットバンク→長時間の障害"
146,  ダッフィーです。
147,RT : Facebook、Deep learningベースのコンピュータビジョン物体検出アルゴリズム「Detectron」をオープンソース化。活用した研究論文も多数公開済み  …
148,水溜まりボンドの動画と共に、朝から海鮮は外しません。 
149,RT : 東証一部上場企業のライクで我堂さんが31歳の女性役員になる軌跡 
150,"どうも。
孫正義と同じ誕生日の荒武です（8月11日）。

スカイワードのエンジニア達は本当に一晩でホームページを作り上げました！（感動）

本日のプレスリリースにあわせての応急処置なので、本当の完成にはもう暫くお待ちください(笑)"
151,"RT : 2018年1月22日(月)より、新テレビCM「若者の仕事」篇のオンエアを開始いたしました。

◇テレビCM　「若者の仕事」篇


◇スペシャルムービーページ
…"
152,"社員全員で明日のリプレースに向け、たった二日で自社のホームページを作り上げるという無謀な挑戦ナウ。

感動してます(笑)"
153,16歳の少女と恋ばなで盛り上がる今日この頃。
154,"深夜２時、社内の勤怠管理を見てみると、社員がまだ数名出勤中になっていた。

疑問に思い連絡を取ってみると、まだ作業中とのことで、社内チャットでは社員達の意見交換が行われていた。

時給制ではないのに遅くまで作業しているのを見ると、会社とはヒトで出来ているのだと痛感させられました。"
155," そもそもグリーンティーって日本語で緑茶ですよね(笑)
まあー、通じないでしょー(笑)"
156,"こんちゃっ！！どうも、スカイワードボーイズの荒武です！今日の～…

実は今日歯医者に行きまして、歯科医にこんなことを言われました。
「死ぬまで虫歯にならないでください」と。

どうやら歯の神経が生まれつき極稀に見る形らしく、歯を抜いたり出来ないそうです。

今日からチョコ禁始めます。"
157," いや、それがすこし違うんだよ！
若干スタバの方が甘いの！"
158,"牛乳飲んでたら、隣に座った人に
「これなんですか？」と聞かれました。

本人曰く、こんなに美味しそうなメニューあったっけ？と思ったそうです。

I Love GYU! NYU!"
159,"スタバで
「牛乳ください」と言うと、
「アイスミルクですね」と言い直されるのがイラッと来る今日この頃。

荒武は独りの時はいつも牛乳です（=いつも牛乳）"
160,"ピースの角度は40度、どうもひろとんです。

今日は仮想通貨が大暴落してて驚きました！
でも逆を言えば今が買い増し時かなぁとも思ってます。
今すごく迷ってます…

トイプードル　or　仮想通貨？"
161,いきなりマイクを渡されるという相変わらずの無茶ぶり具合がすごい 
162,"某東証一部上場企業の新年会に、社長の無茶ぶりにより出席することになりました荒武です。

と言いながら首謀者の社長はインフルエンザ。

どうしよう…"
163,私が今年社長としてやるべきことは、ダイヤの原石（社員達）をブリリアントカットする（例えどこの企業に行っても役に立てる人にする）こと。
164,"さて、今日は２人の新入社員候補の面接です！
22時までには帰りたい（願望）

#スカイワード "
165,"中華料理は四川料理を食べることが多いのですが、今日は初の本格的広東料理を食べました！

すごい美味しかったです！！！！ "
166,"RT : 人が飛行機を発明したのは空を飛びたいと思ったからで、地を歩くことが不満だったからではない。

もちろん不満から世の中が進むこともある。でも人類を進歩させる力の大きさは、ネガティブな不満よりもポジティブな夢の方がはるかに大きいと思う。"
167,"スカイワード社のCTOとビデオチャットをしているのだが、合間に聞こえるタイピングの速さが尋常じゃなくて驚いてる。

連打音が早すぎて音が繋がって聞こえるほど。"
168," 15%ほどです。
今月は20%くらいありそうですが(笑)"
169,ステーキを食べた後いちごクレープを食べ、ピザパスタの食べ放題に至ってます。 
170,いきなりステーキ 
171, よろしくお願いします！
172," 社会人の方も大丈夫ですよ！
若手限定ですが(笑)"
173,"関西にいる方は是非！

【京都開催】1/27(土)17:00- 起業家とVCによる #起業QA ミートアップ  #起業QA"
174,"偉そうなことをタラタラと書いてますが、私は中高まったく勉強をしてこなかったため敗者です。

今敗北した者が50年後に勝者となる確率は極めて低いです。私のような綱渡りをしないためにも、今の高校生には頑張ってほしいです！

センター試験は明日までですが、応援しております！"
175,"今日はセンター試験ですが、ここで50年後の自分がどのような生活をするかが決まるといっても過言ではないと思います。

テスト中、心が折れて諦めモードに入る人もいるでしょう。
でもそこで諦めた人と諦めなかった人とではこれからの人生でも大きな相違点が生じます。"
176,"大学入試ではいい大学に入るということが大事ではなく、努力をし自分のすべてを出しきったという事実が大切だと思います。

学歴社会という社会の風習が薄れてきている現代でも、努力することが出来るという人を認める慣習は決してなくなりません。

最後まで諦めないでください。"
177,"昨夜AppBankとUUUMの決算報告書を見ていたのだが、YouTubeという同じ媒体を使っていても経営のやり方一つでここまで差が出るのかと痛感させられました…

優秀なマーケターが居るか居ないかで会社の命運も懸かってくるのかもしれないな。"
178,朝はパン🎵パンパパン🎵 
179,  木下さん頼みですか(笑)
180,  月末の京都のイベント来ます？
181,"  シェアありがとうございます！
これは寿司好きの私のためのアプリですね笑笑"
182,割引券をもらったので来てみました。 
183, 宮崎の平均所得と固定観念から考えるとサイゼリアの価格設定ではジョイフルに流れるのが目に見えるよねー
184,"宮崎に星乃珈琲をフランチャイズでオープンしようと企画し、問い合わせをすると直営でオープンことが発覚(゜_゜;)

コメダ珈琲やDOUTORも入ってきたし、この勢いでドミノ・ピザなんかも入ってくるといよいよ熾烈を極めた争いになるだろうな。

今回は先手をとられました…"
185,"池井戸潤の『ルーズヴェルト・ゲーム』が面白すぎた件について。

私は数字だけを追わない社風を大切にした会社を作りたい。
原作に出てくる青島製作所のような会社にね。"
186,今新入社員の面接を行なっているのだが、オンラインで行うところがベンチャーっぽい笑
187," そうでしたか！

ご健闘をお祈り申し上げます。"
188," おっ！
福岡におるん？"
189,"会社と同名の機内誌！
でも帰りは孫さんだな！

#JAL
#SoftBank "
190,さらば宮崎！ 
191,"宮崎のスタバにて「関西の方ですか？」と聞かれた件について。

イントネーションそんなに違う？(笑)"
192, 今度宮崎に来るとき行きましょう！
193,最後はやっぱり「おぐらのチキン南蛮」でしょ！ 
194,"こんばんわ。
居るかもわからない受付のお姉さんと喋るために今日も極楽湯に通う惨めな荒武です。

ちなみに今日も滞りなく手短な会話を済ませました( ´ー`)"
195,"来年は成人式かぁ。
憂鬱だなぁ。"
196,中学生のなりたい職業ランキングの1位がITエンジニア・プログラマーというのは本当なのか！！
197," お前サイコパス要素あるな。
距離置くわ"
198," そうなんや！
また今度語ろうぞ！"
199, ひねって映画好きだっけ？
200, いや、グロいぞ笑笑
201," へー。
なに見んの？"
202,"深夜のセブンイレブン。
店員がいない！

原因はこれだろ！

#宮崎
#低賃金 "
203, いやいや、今日ゴロゴロしない見に行けばよかったのに！
204,レッツラゴー！ 
205,マグロと結婚したい 
206,小学生ぶりに「寿司まどか」にやって来ました！ 
207,映画見たい病が発症したのでイオン行きます！
208,１対２という不利な状況で勝利 
209, 今度ね！
210, なう。 
211," 嘘でしょ笑笑
一応巫女さんは一通り目を通したつもりやったけど笑"
212,"調子に乗りました。
すみません。 "
213,"フードファイター荒武降臨。
（一時間前に寿司を食べてます） "
214,"青島神社に来ました！！
宮崎最高！ "
215,また、つまらぬ寿司を食ってしまった… 
216," Enjoyしてください。
今度感想聞かせてください！"
217,"短期間でこれほど沖縄を満喫する人が他にいるだろうか。
いや、いるはずがない(笑)

時間を無駄にしない感じが好きです！ "
218," めちゃくちゃ満喫してますね！
沖縄行きたくなってきました…(笑)"
219,"親友に閉店中の美容室でカットしてもらうのが長期休暇の恒例となってます(笑)

#an-taine "
220,"親友が運転するポルシェに乗る日が来るとは…

めちゃめちゃ感動！

俺だったら怖くて運転できなぁ(笑) "
221,空手の師と共にボーリングなう 
222,"妹、私と叔父にチェスとオセロの勝負を挑むも、完敗す。

負けず嫌いだからなかなか終われない…"
223," 今年も宜しくお願いします！
SVファンですから！(笑)"
224,"おはようございます。
母と初売りセールに行き、朝から主婦の方々に押し潰されそうな荒武です。"
225,"カリフォルニア州立大学の話は驚きやなー。
SVも取り上げられてますね！

「卒業より事業」　学生起業家に広がる中退: 日本経済新聞 "
226,"今年も荒れる武士が夢に向かって大きく翔（はばた）きます！

どうも。荒武大翔です。"
227,"明けましておめでとうございます。

元旦早々メンツの半分が遅刻すると言う暴挙に出てはおりますが、我々の青春は全く色あせておりません！

今年も全力で楽しみ、全力で突っ走って参ります。
今年一年もよろしくお願い申し上げます。 "
228,"人生初の自然薯！
こんな高級品が食べれるとは…

山芋好きにはたまらん…(￣￢￣) "
229,"2017年も残すところあと４時間弱。
今年は私にとって激動の一年で、数多くの出逢いがあり、沢山の経験をしました。

来年は「また会いたい」と思ってもらえるような人間造りを目指し、会社も私も今年の5倍成長します！

私は決して光を絶やしません。
「人間の持つ本質は　光だ」

#キングダム"
230,"実家からの眺めです。
夕日が綺麗っす！

やっぱり実家は一番落ち着きます。 "
231,"日本の戦国時代、中国の戦国時代、三國志などの歴史を読むといつも似たような事を思います。

ちなみに今のスカイワード社にはガイウス・ユリウス・カエサルのような知将がいます。

あとは秦の将軍、王騎のような人が欲しい。
欲を言えば空海も欲しいです。 "
232,"私の愛する小松菜奈が世界美女ランキングにランクインしてて嬉しかった！！

日本人で３人のみって多いのか少ないのか…"
233,"宮崎のお店で、
「ビットコインで決済してください」と言ったらナニソレ？みたいな反応をされたのだが…

SuicaやSUGOCAよりも利用可能店舗多いはずなのになぁ…

田舎はまだ開拓の余地がありすぎてビジネスになる！とポジティブに考えます。"
234,"妹からプレゼント！
僕の好みをよく分かってるな！ "
235,"おはようございます。
妹の手料理を待つ兄です。"
236, 私も行けたらいきます！！
237,"今乗っているタクシーが２日前に乗ったタクシーと同じで、運転手の方が覚えてくれていたことに驚き！

これぞ田舎のいいところ！"
238,"朝日が綺麗。
拝みたくなるな～！ "
239,朝六時の宮崎駅です。 
240,打ち上げに宮崎牛とチキン南蛮！ 
241,"めちゃくちゃ楽しかったです！
次回は３月！
次はもっとよくしていきます！

来て下さった方ありがとうございました。

#&amp;MIYAZAKI "
242," かなり広いですよ！
これが3分の1くらいです。"
243,Simple is best! 
244,"18時30分から宮崎市街地でイベントを行います！
来れるからは是非！
お申し込み頂いた方々はお待ちしております！ "
245,"母校の高校で学食を食べたにも関わらず、悪い癖が…

うまい！ "
246,夜に死ぬほど焼き鳥食べたのに、どうしても魚が食べたくてホテル付近のスーパーで刺身を買いました。 
247,"こんばんわ。
実家から800メートルのホテルに泊まってるアホです。 "
248,これぞ宮崎のチキン南蛮！ 
249,RT : 宮崎来た〜。初。明日少しだけ話します。地方はポテンシャルの宝庫 
250,"RT : 

起業に関する質問くださーい。答えませんが。どんなことに興味があるのか知りたいので。"
251,"さっきまで九州パンケーキの村岡社長と定例報告会をしてました！

次のスケジュールがあって一時間弱しか話せなかったのが心残り…

とりあえず、不確実だから面白い！"
252,"明日のイベント会場にやって来ました！

#宮崎
#コワーキングスペース
#&amp;サンブル "
253,"どうも。宮崎の宣伝大使になれるくらい関西で宮崎をアピールしている荒武です。

いやー、いつ見ても宮崎の海は本当に綺麗ですな❗

ところで明日はイベントです！
27日18時30分から時間のある人は是非！
一緒に宮崎を盛り上げていきましょう！

詳細は下記URLから！
 "
254, 年始に会いたいね！
255," おう！
てか昨日先生と少し電話したよー"
256,"おはようございます。
宮崎駅に到着！ "
257,"電波の入らない洋上で一晩を過ごします！
電波がない=仕事できない。
ということでゆっくり休みたいと思います(笑)

明日は宮崎！！ "
258,人生で最も長く「先生」であり続けた空手の師に、一度も電話したことないにもかかわらず私の番号が登録されていたことが何よりも嬉しかった。
259," 仕方ないですよ(笑)
とりあえずはJRを何とかしないと廃線になるんですから"
260, 89式小銃が火を吹きますな！
261,RT : よくスタートアップについて親が反対すると言う学生などがいるのですが、例えばIT分野で起業するなら親が反対するのは変な話で。世界の時価総額上位はApple、Googleなど7/10がIT。このランキング知らないで反対してるケースも多いはずで、まず親…
262,時間短縮に新幹線🚅 
263,1時間の遅刻にて京都駅到着！ 
264,"6時半に京都駅に着くはずが、クリスマスのためタクシーがないという想定外…

先日の木下さんとの待ち合わせにガッツリ遅刻…"
265,"今週二回目のインターコンチネンタル。

私からすればぼったくりのケーキセット！
紅茶一杯1200円とかアホだろ！ "
266,電気代とガス代で18000円って、なんかぼったくられてる気がするな…
267,"朝から上場企業の社長に寿司をご馳走になるという金曜日の朝です。

なぜ寿司なのかは察してください(笑)"
268,"関西学院高校から関西学院大学へはエスカレーターで進学することが出来る中、その権利を失ってしまった生徒がいるという。

その原因は…
「学校のネットワークにハッキングして期末テストを謹慎期間で過ごしたから…」

会社のCTOにそれを聞いた時、何がなんでも採用すると心に決めました。"
269,"まだまだ募集してます！！

宮崎からイノベーションを起こしましょう！
ご参加お待ちしております(^∇^)

高校の後輩が申し込んでくれた時はかなり嬉しかったです(笑) "
270,"RT : 最小のチームサイズ、コストに絞って、ちゃんとごはんたべてちゃんと寝る。あとはずっとユーザーのことを考える。 

#質問箱 #peing_usksato  "
271,"今日から５日間はどれだけ睡眠をとれるかで時間対生産性が大きく変わってくる。

そうは思いつつも初日から3時間睡眠と転けてしまった感じがあり、今夜は6時間睡眠が必須となりつつある今、カフェで寝落ちするという暴挙にでてしまった件について。 "
272,"RT : 1人カンニングになって今日で11年。。。

お〜い！まだ1人でなんとか踏ん張ってんぞ！
最近のガキは俺らの事は知らんらしい。
時代やな。

それと悪いが有馬記念だけなんとか当てさせてくれ！
頼むわ。"
273,"「願い」発、「希望」着の一度きりのフライトですね。

生まれてきてほしいという願いから離陸し、フライト中に得た経験から次の世代へ希望を託して着陸。

生き物は皆、未来から引導を渡されその人生を終えるものだと思います。

.sarahah.com #MySarahah  "
274,今日のJRはダイヤめちゃくちゃに荒れてるけど、こういう時に電車がぶつからないようダイヤを調節する人ってすごいんだろうな…
275,"怒濤の東京出張を終え、今から兵庫に帰ります！
明日からまた頑張ります(о＾∇＾о) "
276,"４月から最低でも一日一回は、
「大谷翔平に似てるね！」と言われますが、僕自信が大谷をよく知らないという世間知らずです。

北海道の温泉で居合わせた老人に、前日の試合の話をされたのは有名な話だ。"
277,"常識とモラルの範囲内でもう少し質問を厳選してもいいんじゃないの。

そうは言っても面白く拝見させていただきました。

.sarahah.com #MySarahah  "
278,"ちょっとまてー。
明日のぞみで帰るんだが笑 "
279,"RT : 関西の人はもっと東京に進出をば！
そして #HiveShibuya へ "
280,RT : 木下さんはそこそこ有名ですよね byアラタケ氏  
281,"私がVCに抱いていたイメージを根本から覆されました！
日本にもっとskyland venturesのようなVCが増えてほしいと思います。

スッパームーチョ食べながら商談をしたのは初めてです(笑)

#skyland
#木下

.sarahah.com #MySarahah  "
282, Galaxy gearS3でっせ。
283," いや、知らないよ！(笑)
まあ時間があったら帰りによって見るわ(笑)

勉強頑張ってるんやね"
284, あー、そう言われるとそう見えてきた
285," そうそう
さすがやね(笑)
UH-60Jかな？"
286,"めちゃ綺麗！🌠
ただこの感動を誰かと共有できないのが残念…

野間けいすけなら写真に隠れた秘密に気付くだろう。
 "
287,"あー、東京って感じだわ(笑)
そういえば高校時代のハゲた担任が東京駅に原敬か浜口雄幸かしらないけど殺人現場があるとか言ってたような…？

日本史は寝てたのでわかりまへん(笑) "
288," そうやなー。
メリハリをもって楽しみなよ！

中じぃ（中島先生）に呼び出された回数は俺も負けてないぜ👍"
289," そういえばそうだったね笑笑

前科の数は青春の充実度だよ。
精一杯楽しみな！"
290," あー、ROUND1に行ったら大体学院生と会う日やね！
俺は遊んでばかりで勉強なんかしてこなかったなら、色々と後悔してるよ。

レノンはちゃんと勉強しとけよ！"
291," 当たり前さ！
前回お世話になったから行くのは当然！

と言いたいところだが仕事のついでに寄ります"
292, 今日は休みなの？
293," おう！
明日くらいに見舞いに行くから！"
294,"１ヶ月半ぶりの東京！
寿司がなかったので、海鮮弁当で我慢します。 "
295,"プログラマーではないですよ。

僕自身は企画家としてアイデアを構築し、社内のエンジニアと可能性を模索、そして組み上げます。
あとマネジメントですね。

iPhoneをスティーブ・ジョブズが企画し、相方のスティーブ・ウォズニアックが作ったのと同じです。

.sarahah.com #MySarahah  "
296, それのトータル金額だけでサラリーマンの給料に届きそうですが(笑)
297,朝食で健康を目指します(笑) 
298,"早起きで健康的な感じがしますが、早寝ができてないので不健康です。

今日も頑張りましょう(о＾∇＾о) "
299,"無限に願いを叶えてくれる魔法のランプですね。

.sarahah.com #MySarahah  "
300,"人それぞれが持つ異性に対する価値観の違いだと思います。
なので不倫や浮気を一概に否定することはしません。
もし友人が不倫や浮気をしたならば、そういう価値観の持ち主として私は受け入れます。

.sarahah.com #MySarahah  "
301,"  勘弁してくださいよ笑笑

エンゲル佐々木係数（1ヶ月の食費支出の中で佐々木さんとの会食費が占める割合）が普通の大学生のバイト代くらいあるんですが笑"
302,"パイロットになることです。
これだけは保育園の頃から変わってません

.sarahah.com #MySarahah  "
303,行けなくてすみません… 
304,"返し方次第では喧嘩になるやつだな…

2台持ちなので、Twitterはiphoneで投稿し、ラインはAndroidで返すのでタイムラグが起こってしまいます！

基本的にはラインは見たら返しますよ(о＾∇＾о)

.sarahah.com #MySarahah  "
305,"信念を曲げず、一度決めた道を貫き通す人。
何を言われても諦めない人。

.sarahah.com #MySarahah  "
306,"起業家はただ事業をやっている人。
クリエイターは、サービスの被提供者の時間をコントロール出来る言わば神のような存在。

ユーチューバーなどにしても、我々の普段の生活の時間を動画の視聴という名目で浪費させてしまう。
要するにクリエイターである。

.sarahah.com #MySarahah  "
307," 入学金及び今までに受けた講義の受講料を差し引いた額が返金されました。
受講料はトータル金額と講義数の割合から算出されます。

教習所ごとに対応が異なる可能性があることはご理解下さい。"
308,"今年の年末に、最後のイノベーションを起こしましょう(о＾∇＾о)

受験前にモチベーションを挙げたい、起業したい、志を持ちたいと、理由は様々で構いません。

宮崎にて皆様をお待ちしております！

詳細は下記URLをクリックして下さい。


#宮崎
#起業
#ロボット
#IoT"
309,"【宮崎初】最近よく見かけるペッパー君。
これからのロボットの時代に向け、あなたも一足先にプログラミングの世界へ！

誰でも最初は初心者。ここで一歩を踏み出しましょう！

講師は世界初ペッパーの自動走行機能を開発した19歳です！

詳細は下のURLをクリック！
"
310,大人のお子様ランチ(笑) 
311,"スカイワード社のプログラマーが車の免許を取るとき、MT・ATを選択する際にAI限定でと言ったのは爆笑した(笑)

タクシードライバーが必要なくなる原因は技術か、システムか。
エンジニアか、企画家か。
両者の闘いは先が読めないな。"
312,"RT : とりあえず答え載せておきます↓
これを見たときは解答の美しさにやられました笑(良問すぎて...笑) "
313,"日本人ってオリジナルとアレンジを同じ意味で考えてる傾向にある様な気がする。

オリジナルって「元々の」って言う意味だよな…"
314,"「高校時代に女の子を落とすために、文系なのに理系科目を教えていた説」について(笑)

教えられるほど理系科目が得意ではなかった、というか全く出来ませんでした(笑)"
315," でしょうね(笑)
俺なんかロマンチックなものには全くと言っていいほど興味ないから、学費の無駄はやめてもらいたい(笑)"
316,"関西学院大学にクリスマスツリーが飾られた。
そのあまりの豪華さと美しさから、学生の間ではこう呼ばれている。

「光る学費」と。 "
317,"チャンネル登録者200万人超のアメリカのバイオリニストyoutuber。

過去最も再生された楽曲が日本のアニメ「ナルト」のBGMということに驚きを隠せません。でもすごくいい曲！

"
318,"昼夜逆転してますが寝てます！
ご心配ありがとうございます❗

 #MySarahah  "
319,"理想はありますが、願望は強くないです。

 #MySarahah  "
320,"RT : A near error-free parcel sorting facilities in China, powered by #AI and smart robots "
321,"流行に乗っかります。
匿名でのメールを送れるので、面と向かって言えない事をお待ちしてます(*´∇｀)

"
322,"RT : 未来社会においては、99%の労働者は、ロボット以下の生産性しか発揮できないのです。人間に働かせることは、経営リスクであり、ほぼ確実に損失になる。さっさと労働者から卒業しないとヤバいっすね。
その頃にはベーシック・インカムがあるだろうから、生きてはいける…"
323, めちゃくちゃ楽しみにしてる！
324,"久しぶりに6時に起き、朝から大阪で用事を済ませた後、すぐ兵庫に戻りまた大阪へ行かなくてはならないというたまにある多忙の日。

そこで一番疲れるのは、移動の電車で一心不乱にパソコンを打っていると誰も隣に座ってくれなくて、傷付く精神の方だ。"
325,👇が裏から日本経済をまわしているヲタクの家です。 
326,"スカイワード社も後援しております。
やる気のある者ここに集え。

【アイデアソン開催】シリコンバレー発の物流運搬ロボットで日本の課題を解決せよ！ - X-mov Japan 株式会社のプレスリリース - X-mov Japan 株式会社のプレスリリース "
327,時間がもったいないので、シャワーを浴びながらラインを返すという暴挙に出た。
328,"RT : 【アイデアソン開催】シリコンバレー発の物流運搬ロボットで日本の課題を解決せよ！
"
329,"ワンピースの最新刊をコンビニで見つけて買って、はや１ヶ月。

忙しすぎてまだ１ページも読めてない…

今年中には読みたい…"
330,"昨夜24:00くらいから、世界的にiOS（iPhone)の不具合が起きています。

症状は①バッテリーに熱を持つ②アプリを起動すると固まり何度も再起動を繰り返す③バッテリーの消耗が激しい。

アップルストアによると…

「設定」→「通知」→アプリの通知機能を一つずつ全て「オフ」に→再起動する。"
331,"気温5℃の中でざるそば❗

あえてざるそばにしたのは、蕎麦湯が飲みたかったから👍 "
332,ハイブリッドと言う言葉を使えばとりあえずは最新という日本の風潮がすごい。
333,"おやつに給食のパン！
懐かしい味でした(笑) "
334,RT : エストニアのeレジのサンプル見てたら無駄に欲しくなってきた 
335,通勤ラッシュ時、電車の自動改札機にてICカードの残高不足でピンポーンとなり、後ろの4人くらいが玉突き事故起こした時の申し訳なさが半端じゃない件について。
336,"12人の審査官に囲まれてのプレゼンを終えて、死にそうな荒武です。

少し時間あるので遊びます(笑) "
337,"朝から神戸で海鮮丼屋さんとマクドナルドをハシゴしてます笑

今日は県の産業活性化センターでプレゼン！
頑張ります(^○^)"
338," ダーマ神殿って7も出てくるんだ！
俺は今8を進めてる(笑)"
339, ドラクエ9やってんの？
340, USJ?
341," こっち大谷いじりが半端ない。
昨日も病院に行ってまず「大谷選手の親戚？」から始まるからな…"
342,"Story of The Past（ソードアートオンライン）

Rule the Battlefield（Fate Zero）

これらのアニメのBGMがすごく似てると思うのは僕だけかな。
作曲は同じ梶浦さんだけど、ここまで似てるとまずいよね。

アニメ・音楽好きは是非検索してみてください。"
343,"RT : 後援には日本イーコマース学会、そしてまだ数社増える見込みです。まだ協賛企業募集中！
現地シリコンバレーでは注目されている割に、日本では、このロボットを気軽に見る機会は今回くらいしかありません。
導入を考えている企業さんにはデモ別枠ありますので、…"
344,社長が格安航空というのに社員が新幹線やANAで移動するスカイワード社は、毎日が突っ込みどころ満載です。
345,"今時クレジットカードが使えないなんてありえない！💢😠💢

と思いつつ、先日財布を落とした事を忘れてて現金を全く持ってなかった僕が悪いです…

散々食べてお金が払えず焦る荒武でした。"
346,"誰もいない平日の夜に一人で映画を観るのがいいんです。

#GODZILLA怪獣惑星 "
347,"旨すぎて鼻水でたわ。
一人で食べるには多すぎる… "
348,"１００人中９０人に嫌われても、あとの１０人が信じてくれてるだけで心は支えられる。

１０人ってのは家族と仲間。
これを失ったとき、僕は人間をやめます。 "
349,"去年も一昨年も、クリスマスや年末年始はバイトで家族と過ごす時間がなかったな。

でも今年は親孝行出来そうだ！
「ラインのスタンプ買って」としか言わない妹にも会える❗

…と思っていた矢先に財布を落としました。
現金3万円はともかく、買ったばかりの財布……"
350, 中高の生徒指導部長黙認だったから、無敵でした。
351,高校時代、バイトの制服を毎日生徒指導室に干していたのは、未だに誰も知らないだろう。
352," 断固拒否する！
親に顔負けできん(笑)"
353, お待ちしております。
354," そんなの開発するわけないやろ(笑)
売ってるほうが恥ずかしいわ！"
355," また会ったときにお話しします。
今はまだ話せないので…"
356, いい線つくねぇ(笑)
357,今朝届いたこれから、新しい全く別の道が切り開かれていくのかもしれない。 
358,"ビジネスプランコンテストの二次審査、審査員12人とか悪質なイジメよりタチが悪い。

一次は通ったものの既に詰みました。"
359,"大学の学祭で小学校の時に別れた親友と再開しました！なんと同じ関西学院(笑)
あの頃は携帯もなかったからなぁ…

登校して遊んで旅行したりした５人組は今や、東大・九大・同志社・関学(2人)へ進学してます(笑)

再開時は感動のあまりお互い泣きそうになった…
会えてよかった(泣)"
360,RT : 【コーケンジャー第2話】DREAM WONDER LANDまであと2日！！ 
361,RT : 11/4(土)11時からはヒーローショーです！コーケンジャーって一体何者…！？ 
362,"RT : ホームページに新たにコンテンツを追加しました。
よろしければ、ご覧ください。

"
363," ありですね。
私はトマホークを一発調達したいです。
家の屋根にVLSを設置したいですね。"
364,"寝る暇があったら…Twitterに投稿する時間があったら…少しでも最善を考えろ。

努力次第で結果は何モノにも姿を変える。

越えられない壁があるなら、立ち止まらず、他の道をつくるんだ。

まだ見ぬ世界を見るために。"
365,"今日初めて「大阪の商売人」と商談を行いました。
かなり値下げをされて帰ってきた荒武です（泣）

でもすごくいい人でした！"
366,  スクルト
367, キアリク
368,  マダンテ。
369,"どうも。
Googleに事業計画書を白紙にされた哀れな荒武です。

もうMPが…　チャクラが…ないっ！

こうなったらゾーン・ATフィールド・ギア4発動！

混乱すると中二病になってしまう…(-_-#)"
370,"X'masｲﾌﾞまであと２ヶ月！

と言いたいところだが、正直どうでもいい。"
371,"是非読んでみてください！

Instagramの真面目バージョンをやってみました(笑) "
372,"我が家にもAIがやって来た。

#googlehome "
373, いや、間違いなくあなただけでしょう。
374,"電車の中で高校生とは思えないほどのイチャイチャを繰り返すカップルに、少しイラっとしたのは僕だけではないはず！

女性専用車両をカップル専用車両にして、そこにぶちこみたい。"
375,"RT : いいっしょ？
by店長

#rosacoffee
#コーヒー
#宮崎
#ラテ "
376, ごめん、言いたくても言えない！
377,"ビットコインの開発関係者から色々聞いてしまった…
インサイダー取引になるので、ビットコインは買いません。

でも、めちゃくちゃお勧めします！！！！"
378,"台風の最接近は明日の朝なのに、既にバカみたいに雨風が強い兵庫県です。
こんな忙しい日に勘弁してほしい(笑)"
379,照れ…(*/∀＼*) 
380,"玄関の小さなゴキブリと睨み合うこと10分。
怖くて家にはいれない。"
381,"飛行機の出発が15分遅れたのに、到着が予定より15分早く到着するって何事(笑)

そういえば、、、
以前中国の飛行機に乗った時、出発が2時間遅れたにも関わらず定刻で着陸した、あの時の異音なエンジン音は未だに忘れない(笑)"
382,"今夜大阪に帰ります！
生まれは東京ですが、東京の記憶がほとんどなかったので、すごく新鮮に感じました！
近いうちまた来ます(^∇^)"
383,  Is it possible?
384,"  Hi,I'm Hiroto.I plan to release a smartphone application in Japan. So I'd like to use ""Dream Chasers"" as an application promotion video."
385,"過去一番に高い温泉代やわ…（意味深）

#東京ドーム "
386,"今日はセプテーニ・ホールディングスの野村宗芳さんにお会いしました。
彼は母校である日向学院を卒業し、現在は同社の役員をされておられます。

宮崎を思う気持ちは皆同じですね。 "
387," そうやね。
コアなユーザーは残るだろうけど、朝の食卓や電車で読む程度の人はどうだろうね。
全く予想がつかない中、貴重な意見をありがとう！"
388,東京now. 
389," まだそこまでは明らかにされてない！
またわかったらツイートするね❗"
390," もう出来てるよ！
18年から量産するらしい！"
391,"曲がる液晶が主流になると、新聞業界はどうなるのだろうか。

この液晶が新聞サイズになれば、毎朝新着を読めるし、紙が要らなくなる。

環境にはいいんだけどな、、、 "
392,"以前「游楽舎」の店長と長話をしたことがあった。
その時に彼が言っていた「貪欲であれ、がめつさが会社を育てる」の意味がようやく理解出来た。

風俗店などで散財する社長は三流以下であり、会社も成長しない。

思えば、今までに会った100人以上の社長達ははっきりと2種類に分かれていた。"
393,ちょっと一休み。 
394,"会社のホームページを更新しました❕
ぜひご覧ください。

また、Yahoo!にて「フライヤー」と検索していただくと、トップページの最下部に広告を出しております。

 "
395,"書面審査通過です。
例年ではここまで来れば安心かな(*´∇｀)

あとは10分程度の聞き取り調査のみ。 "
396," 髪色だけグレるのはなしですよ！
今のままでいいと思いまーす🙋"
397, いやいや、ダメでしょ(笑)
398,"男2人で大号泣してました。

#僕のワンダフル・ライフ "
399,"B5サイズのバインダーがこんなにも使いやすいなんて！
しかもクリップはマグネット！
Skywardのロゴも好き(*´∇｀) "
400,"朝は神戸中華街で食べ歩き。
午後は清水寺へ。 "
401,"RT : NARUTO
1人1人のコメントがいい!!!!!!!!!!
是非見てください！!!!!!!!!!!!!!!!!!!!!
#NARUTO 

 "
402,"たまに大学生らしいことをすると、家がこうなりました。

とりあえず今日からバカが来るので、頑張って片付けます。 "
403," Android版を先行リリースします！
その後すぐiOS版をリリースする予定です！"
404,"アルバムの全写真にメモ機能を搭載したアプリ「LogOne」をリリースします！
写真一枚あたりにメモできる文字数は最大65536字！

また、アプリユーザー同士でグループを作成することができ、共有することが可能！

文字を書き込む時代から、文字を添付する時代へ。

#LogOne "
405,オーストラリア首相、ターンブル首相は3日、北朝鮮の名を挙げ、防衛力を維持する目的としてイージス艦を新たに保有することを発表しました。これで豪海軍のイージス艦保有数は12隻となり、日本の8隻を上回ることになります。
406,"５日の午前１時からGoogleの新製品発表会です！
英語得意な方！ぜひ見てください！！

あなたの手に、新しいスマートフォンを。

"
407,"会社のアプリケーション・システム開発部の事業拡大のため、エンジニアを10名ほど新たに採用したいと考えております。

プログラミングに自信のある方がいらっしゃいましたら、紹介・入社をよろしくお願いいたします！！"
408, 盛りまくりやな(笑)
409, イマドキのスノーとやらでなんとでもなる！
410, 男はつらいよ。
411, まあ、あんな人いるわけないのが現実よね。
412," 大丈夫！
特徴にてるから！(笑)"
413," だよね！
でもアスナ推しだから、あまり見られなくなるのは残念！"
414,"RT : 今日のワンピースは間違いなく神回でした😭
ここで初期のED曲memoriesを流すのはずるい！
#OnePiece "
415,"昨日の朝テレビでこれを見て号泣しました😭😭😭💦
ワンピースファンとしては名シーンランク入りです！

どうやったらこんなリーダーになれるのかな… "
416," VRは考えてなかったわ！
開発者に言っとく！
Hulu以外の映画配信サイトには打診したらしいから、もしかしたらそのうち体験できるかもよ！
また進展あったら報告するね！"
417," おっ！もしかしてこの手の話はいける感じかな？(笑)
その通りです。なのでそのソフトを使えば、今持ってる携帯でも3Dの音楽を聴くことが出来るのです！
しかもその変換の際のタイムラグは皆無。ということは、ライブ配信にも対応しているということ。
久しぶりに本気で感動したよ！"
418," 確かにやってみたいね！！

あと今は視覚的だけでなく聴覚的な3D技術を持った会社があって、ハードウェアではなくソフトウェアなんだけど、目の前のスピーカーから流れてるのに飛行機の音は上から聞こえたりするんだよ！
二次元が三次元になる時は近いね！

少し難しかったかな…"
419," すごくよかったよね！

知り合いがVRやARの開発をしてるから、もし大学に入っても興味があったら声かけてね(笑)

僕もあったら利用したいけど、倫理的かつ安全性が気になるよね…"
420, 中にはまともな人もいるから違うやろ
421," そうだね！
ところで映画は見ました？"
422," 確かにアニメ編のVRもいいね！
僕は映画のARのほうがいいかなー。
現実世界にゲームが入ってくると夢が広がるし！"
423," だよね！
多分50話編成になるんじゃないかな、、
一年間毎週の楽しみになればいいな！"
424,"RT : 同棲するなら絶対我慢とか必要なんだろうなぁ🙄💭🤔

 "
425,"我が国に対して、隣の国、韓国が挑発とも取れる行動を取りました。
平昌五輪のホームページに掲載されている世界地図から、なんと日本列島が消えていたのです島国です。
隣国である我が国のことを韓国が忘れるはずもなく、故意に消去した可能性が非常に高いとして、ネットで物議を醸しています。"
426,"無事大阪に到着しました。
ありがとうございました！
また近いうちにメキシコとラスベガスにいく予定です。

帰りは前から乗りたかった「はるか」に乗りますε=ε=(ノ≧∇≦)ノ
※家に着くまでが遠足みたいです。

#シリコンバレー編終幕 "
427,"ホテルで朝食。
数時間後には日本に帰国します。 "
428,"今日はアグレッシブな１日でした。

・ご飯が美味しい。
・物価はSFに比べると驚くほど安い。
・交通マナーが悪すぎる。
・英語がほとんど通じない。

その他にも沢山勉強になりました。
次来る時はもう少し長く滞在します。

#シリコンバレー19日目
#上海one  night "
429," アメリカ帰りでちょっと寄り道してます。
明日には日本に帰りますよ。"
430," そうでしたか。
中国生活三時間目ですが、住むのはいやですね(笑)"
431, あれ、中国ありましたよね？
432,"これが中国の5つ星ホテルです。
とりあえずポーターがイケメン。 "
433," 19時間ですねー。
そうなんですね。リニアとか乗る予定です！"
434,"さて、帰り際の寄り道ですが、上海に到着しました。
時差17時間という恐ろしいほどの時差ボケですが、最後の気力をふりしぼって観光したいと思います(笑)

どんな町なのか楽しみです。 "
435,"昨日はchatworkの山本社長とお会いし、昼食をご馳走になりました。
「ただ上場するだけでは面白くない」という言葉が今でも頭に引っ掛かってます(笑)

そうして現在は帰国のため空港に来ています。ちょっと寄り道しますが…
とても充実した日々でした。

#シリコンバレー18日目 "
436,"昨日は今秋リリースするアプリのマーケティングを１日かけて行っていました。

費用対効果を重視したマーケティングはある程度整いました。
あとはプログラミングのみです。
楽しみにしていてください！

#シリコンバレー17日目 "
437,アメリカではRedBullもマグナムでした。 
438,"人生を誰かに決められてしまうと、それはすれ違いから憎しみへと変わるかもしれません。

道を決めるのも自分、間違いに気づくのも自分。

もし今類似したことを抱えているなら、親と話すべきです。
我が子の説得を拒否する親はいないと信じてます…。

最後に、私は両親を尊敬しています。"
439,"この間相談を受けたので。

僕の周りには子供の進路を親が指図するという家庭が多いように感じました。
子供は親の自慢道具ではないと思います。

親ってのは我が子から尊敬されるだけでいいんじゃないですか。

生意気言ってすみません😣💦⤵"
440,"昨日はテッククランチ最終日！
この３日間でもっとも進展がありました！

僕はある日本企業に目をつけ声をかけたところ、すごく前向きに考えていただき、早速明日また会うことに！
日本の技術をもっと発展させたい。
その思いは皆同じ！

#シリコンバレー16日目 "
441,"モアナ鑑賞会が始まった(笑)
めちゃくちゃ面白いんだけど！！
涙が出るくらい笑った！ "
442,"昨日はテッククランチ2日目！
毎日新しい発見の連続で興奮します❗

その後ジャイアンツの試合を見ました！
始めてみるメジャーにこれまた興奮(笑)
充実した１日でした。

さて、今日はテッククランチ最終日。
朝からいろんな海外企業をまわってます！

#シリコンバレー15日目 "
443,"RT : 今朝、警察に職質受けた。
警察「お兄さん何㎞で走ってるの？相当速かったよ」
俺「70㎞くらいじゃない？」
警察「んなわけないでしょこっち90㎞で追っかけてきたんだよ？100㎞以上出てたよ」
俺「90㎞以下で走ってたからお前らが追い付いた…"
444," ありがとう！
まあとりあえずとれるだけはとります(笑)"
445," 同時にそれと連携したカメラアプリもでるので！
これは広告なしの完全無料です！

従来より使いやすくします！"
446,メジャージャイアンツの試合を観に来ました！ 
447,RT : 
448,"RT : 今秋新たなスマートフォンアプリをリリースします。
多くのビジネスマン、若者の要求に答えたアプリです！

撮った写真にメモ…？
文字数無制限…？
SNS投稿向けの編集機能…？

詳細は近日公開❕
乞うご期待❕

#スマホアプリ 
#写真"
449,"今日は世界のいろいろな企業の方達とお話しすることができました！
日本が如何に遅れているのか。
日本と海外のサービス精神の違いなど。

すごく勉強になった一日でした！
テッククランチはあと２日間ありますので、いろいろ勉強させてもらいます！！

#シリコンバレー14日目 "
450,RT : SoftBank、評価額51億ドルでSlackに巨額投資　 
451,RT : CEO Ben Silbermann on how Pinterest is building for its core audience #TCDisrupt 
452,"ついに来たーー！！
TechCrumnch！！
テレビでしか見たことなくて憧れてた！

もしかしたら世界最新技術を見ることができるかもしれない。

入場料３０万円なのにどんどん増える人。
例年数千人はいるらしい。 "
453,"今日１日はスタンフォード大学でした。
何度行っても広すぎて歩き疲れます…
　朝食には日本食っぽいものも食べれました！
日本に帰ったら１週間は毎晩寿司を食べたいです。
　明日からは待望のテッククランチ！
すごく楽しみです！

黒シャツですが、なにか？

#シリコンバレー13日目 "
454,"昨日はGoogleで1日を過ごしました！

会議は会議室でする？
そんなわけないでしょ！
よし、みんなでチャリンコを漕ぐぞ！

その名も「カンファレンスバイク」。
期待を裏切らないシステムに感動した１日でした。
※もちろん最後は会議室でしました。

#シリコンバレー12日目 "
455, DM解放してないやろ！(笑)
456,"僕自身話のスピードは早い方だと思っていたのだが、Googleの社員達とミーティングを行うと全くついていけない。

でもGoogleの検索エンジンのスピードがダントツな理由がよくわかった！

今度の新しいバージョンを早く皆さんにも体験してもらいたい！"
457,"今日は終わってからトヨタ自動車の人たちにお寿司をご馳走になりました！
あんなふざけな値段のお寿司は久しぶりやわ…
さすがサンフランシスコ価格やな。

明日はGoogle本社である討論会に参加！
張り切っていくぞー！！"
458,"今日はTRI（TOYOTA Research Institute）へ行ってきました。
トヨタ自動車の自動運転AIの開発やロボット開発事業の最前線を見ることが出来て、すごく興奮しました！

セキュリティも厳しく、中も起業秘密のため写真はとれませんでした。

#シリコンバレー11日目 "
459,「黒シャツの荒武」と友人らにバカみたいにいじられたので、おもいきって携帯とお揃いにしてみました( ´ー`) 
460, かなり溶けたから塩漬けにするわ。
461,"ビットコインを買い増ししようと思ったら、日本時間は今日から連休なので振込が出来なかった…

今がチャンスなのに…"
462,"今日はGoogle本社を訪問しました。
何もかもが無料で、プールやジムまでもが多く設置されていました！
社員数3万5千人は桁違い！

100%は最低でもやり遂げ、プラス20%で好きなことを。（120%ルール）

正直に言うと、変人の博覧会でした。

#シリコンバレー10日目 "
463,"今日のミサイル発射は韓国とアメリカの予想通りやな！！

韓國・ヨンハプ通信によると、韓国とアメリカは衛星から入手した画像を分析し、その結果ミサイル基地にミサイル発射装置が搬入されているのが確認できてたようです。

こうやって事前に分かってると心の準備ができるねー！"
464,"僕が居ない間だけ自宅を友に貸してました。
するとなんということでしょう。
テレビを壊したそうです。

何をしたら壊れるのさ(笑) "
465,"おはようございます☀
昨日は家で溜まっていた仕事を片付けていました。
たまの休息日は至福の時です～

さて今日は特別にGoogleの本社内を見学できることになったので、行ってきます！
憧れのGoogle、めちゃくちゃ楽しみです！！

#シリコンバレー9日目 "
466,"おはようございます。
昨日はアップルの新製品発表会に行ってきました。雰囲気を味わえただけでも収穫ありです！
また、財界の大物ともお会いすることができ興奮しました。

その後スタンフォード大学も散策しました！

今日はまたのんびりとする１日とします。

#シリコンバレー8日目 "
467,"この間シャープを買収した鴻海精密工業のCEO。
郭台銘(テリー・ゴウ)会長です。
今まさに東芝を買収するため海外企業と連合を組もうとしています。

わかりやすく言えばiPhoneやペッパーを作っている方です。 "
468,"RT : 【速報】Apple、最上位モデル「iPhone X」発表 #AppleEvent
 "
469," オールスクリーンでフェイスIDやろ！
3Dカメラ認証やアニ文字も魅力的やね"
470," 俺も先月iPhone7かったけど、今月iPhoneXを買う！
iPhone8じゃなくてね"
471,"今日のアップルの新製品発表会。

・アップルウォッチseason3
・ポケモンGOと同じ仕様のアクションゲーム
・アップルTV
・iPhone8
・iPhoneX
・wireless充電器「QI」"
472,ホームボタンがなくなり、オールスクリーンのiPhoneXがヤバすぎる！！！！
473,RT : It's a big day at Apple! We are honored and thrilled to host our first keynote at the Steve Jobs Theater this morning. https:…
474,"今日のアップルの製品発表会で何が出るのか、アップルの社員にカミングアウトされたんだけど… 

超極秘企業なはずが…

まあ予想通りの製品でした。"
475,"今日は現地の日本人学生とパーティをしました！
いい体験でした♪

明日12日はアップルの新製品発表会です。
雰囲気だけでも味わいたいと思います(笑)

また、ファストフードばかり食べていたのでやや体調を壊し気味です…
何とかしなきゃ…(￣▽￣;)

#シリコンバレー7日目 "
476,"アメリカを史上最大規模のハリケーンが襲いました。
フロリ ダのほとんどの住民に避難勧告が出され、マイアミは水没、ある島では98%の建物が崩壊しました。

またメキシコではM8.1の地震が発生し、その直後にこのハリケーンに襲われました。

全ての被災者に御冥福お祈り申し上げます。"
477,"テッククランチというシリコンバレーのスタートアップを代表するイベントのチケットを学割で購入することが出来ました！！！

元値で買えば日本人には間違いなく前代未聞の価格です。

映画やドラマでしか見たことなかったので、今期最も楽しみにしています！"
478, ここはサンフランシスコです！
479,"昨日は朝からゴールデンゲートブリッジを渡り、絶景を拝んできました！

その後はJPOPサミットに参加し、日本のラーメンを久しぶりに食べた後、ブースを出店している日本の色々な企業にお話を伺いました！

来年はここに絶対ブースを出します(*^^*)

#シリコンバレー6日目 "
480,RT : 目覚ましあるある 
481,RT : 気になっている人とのLINE 
482,"アメリカのJPOPサミットで「恋(星野源)」が流れてるけど、この曲の著作権先月で切れたよね…

大丈夫なんかな…(笑)"
483,"渡りきった！
すごい達成感です(*^^*) "
484,朝靄に包まれるゴールデンゲートブリッジWith swimmer and French bread 
485," リアクションそこですか！(笑)
すごく美人ですよ。"
486,朝からノリノリです(*^^*) 
487,"昨日は疲れた足を休める日としました！
たまに日本のYouTubeをみるとなんかホットします(笑)

こちらは現在朝7時。
今日も張り切って行ってきます！

#シリコンバレー 5日目 "
488,"一昨日の日経新聞のTOPです。
もうどの国もデジタル通貨を研究し、
受け入れる傾向にあります。

昨日よりさらに暴落し、1週間に2度の大暴落を引き起こした仮想通貨(ビットコインなど)ですが、その動向の鍵を握るのはやはり中国です。

あの人口で動かれたらたまったもんじゃない(笑) "
489,"先月末、過去最高額となる防衛費、5兆2551億円もの予算を計上するに至り、巡航ミサイルめいた長距離ミサイルの開発を進めるようです。
その名も島嶼防衛用高速滑空弾、ロケットのように打ち上げ、その後滑空しつつ標的に接近することで、迎撃を困難にするコンセプトです。"
490,"日本でスマホアプリを作ろうとするなら、通信制限が来ても使用できるものが売れるんだと俺は思う。

例として日本はFacebookやTwitterよりLINEの利用者が多いことや、一時期人気であったパズドラも当てはまる。"
491,"太陽フレアや地震、ミサイルなんかより、妹の通う塾の隣で起きた殺人事件が一番怖い。

こちらの環境にもだいぶ慣れてきました。
ですが、歩きすぎてマメができたので明日は休息日(*^^*)

#シリコンバレー4日目 "
492,"東証一部のGMOがビットコインのマイニングに手を出すそうです！
マイニングとは採掘のことで、暗号通貨と呼ばれるビットコインの暗号を解読することで、ビットコインを得るというものです。

GMOはうちとも提携してるので、今度本社行く時にバッチリ聞いてきます！"
493,NASAの敷地内に止まってる飛行機って、軍用機なのかな？それともNASA保有機？
494, あー！リスめっちゃおった！！
495,"パッと見エビフライかと思った。

触ってみると、ハゲたマツボックリ？ "
496,"今日は午前中大型ショッピングにて、ビジネスアイデアを考えてました。
Google本社へ行き、社員のふりをして敷地を散策しました！

敷地が広すぎて2時間かけても回りきれなかった(^-^)
次来るときは社員に知り合いを持ち、内部を見学したいです笑

#シリコンバレー3日目 "
497,挑戦者求む！ 
498, いや、ほかの乗客も皆スルーですね
499, いやいや、こっちの物価がえげつなく高いから、節約とよんでくれ(笑)
500,"今日はスタンフォード大学を見学した後、治安的に危険ではあったけど裏町を散策しました。
スタバの店員が日本人というだけで、こっそり5ドル割引してくれたことに感動！(´･∀･`)
もう夜なので寝ます。おやすみなさい。

#シリコンバレー2日目 "
501," ワルですねぇ笑
妹さんが真似しなければいいですが…笑"
502, イタリアや韓国でも出来たんですか！？
503,"どの駅きも改札がないカルトレイン。
もしかしたらと思ってやってみました！
人生初の無賃乗車です(￣▽￣;) "
504,"うちの会社でも使用していますが、イラストレーターやPhotoshopを提供しているのがこのAdobeです。
日本のチラシやポスターなどは、これらのソフトによって作成されています。 "
505,"これが大学内にあるスタンフォードショッピングセンターです。
これ学生が買うものなん！？笑 "
506,"現在9月6日14時です。
昼時のコーヒーはスタンフォード大学からお送りします。 "
507,"今日は到着後、海辺を観光しました。
夜は「スタンフォードの最高の睡眠」の著者である西野精治先生の講義を聞き、現在Uberを使って帰宅してます。

#シリコンバレー１日目 "
508,偏見かもしれないですが、イスラム教徒の審査時間が以上に長いです。
509,"現在午前9時50分。
無事サンフランシスコ空港に到着しました。"
510," さすが！
b777-300"
511, CAです。
512,"とりあえず上海に居ます。
たった2時間のフライトで機内食が出たのは驚きでした。

今からさらに11時間のフライトです。
おやすみなさい。 "
513," ありがとうございます！
がんばります！"
514,なう。 
515,飛行機の中で爆睡できるように、朝までオールします。
516,"最後の晩餐は鉄板焼きでした。
美味しかった！"
517,"我が家よ、当分お別れだ。
行ってきます！"
518,"他者との異差をもちながら、決してそれを恥じぬ者。

これが私の思うカリスマの定義。"
519," これこれ！
他のより少し高いけど "
520,そのシステムこそ、艦船や航空機から照射される高出力レーザー。既に予算も組まれているとのことです。
521,弾道ミサイル防衛に、夢の技術が投入されるかも知れません。日本政府によると、北朝鮮のミサイルがロフテッド軌道をとってしまうと、迎撃が不可能に近くなってしまうため、弾道ミサイル発射直後、いわゆるブースと段階で撃ち落とすシステムを開発するとのこと。
522,韓国側が、定例開催される米韓合同軍事演習で、死の白鳥とも言われるアメリカ空軍戦略爆撃機、B1Bの派遣を拒否したことがわかりました。米軍関係者からは不信感を滲ませる発言も相次いでいるようです。
523,アメリカ軍が、在韓米軍基地に、ステルス戦闘機であるF22とF35をローテーション配備することを検討していることが分かりました。秘密裏に北朝鮮上空まで飛来できる両機の巡回配備は、北朝鮮上層部に恐怖感を与えることが期待できます。
524,RT : 今日の店長😎 
525,"新しく買った歯磨き粉、ウソみたいに歯が白くなるんだけど！
すごく感動｡+.ﾟ.( °∀°)ﾟ+.ﾟ｡"
526,ビットコイン、イーサリアムコイン、ビットコインキャッシュ、ライトコインの１日の推移です。 
527,"昨日まで高騰していたビットコインを始めとする仮想通貨が大暴落。
一日中モニタリングしてたので、プチバブルの崩壊を目の当たりにしました。

上がることを期待します(めっちゃ大損やん…)。 "
528,まてまて、たった１時間でそこまで上がる！？笑 
529,"もうすぐ朝の4時になろうという時に、ご近所さんがおっぱじめやがった(怒)

家に時計が無いか、あっても読めないか、もしくはただのバカか。

でも、10年後の少子化を心配する必要はなさそうだ。"
530," 高１から出るつもりでしたから笑
でもそこで得た知識などが今の礎となってますので、結果オーライです。"
531," ほんとですよ！笑
それだけが高校生活の心残りです。結構本気で勉強したんですけどね笑"
532,"高校生クイズに出ようということで、専門分野の違う仲間３人で必死に勉強したことがあったな。
それと同時に発覚した最大の弱点は数学だった。"
533,"YouTuberのヒカルさん。
ここ数日で15万人以上がチャンネル登録解除って、若者の団結力というか、周りに便乗する感じがすごい…"
534,京阪電車って三井住友銀行と色が似てますね。 
535,"お金だけ払ってほとんど行ってなかった自動車学校。
返金してもらえた！"
536,"ビットコイン50万超えてきたな…
ドカンと下がってくれたら有難い。"
537,"RT : そして、昨日からは梅田にある税理士法人にて、単体で受付を行い社内チャットツールにて通知を送るペッパーも働き始めました。
以前は、ただ挨拶をするだけでしたが、システム連携の機能を追加して受付係として働くようになりました。

最近は〝ロボットのお医…"
538,"我が国の外務大臣、河野太郎氏が、モザンビークで開かれていたアフリカの外相級会議で、中国の海洋進出について、批判する方向で一致したとの声明を発表しました。

何をやってるんでしょうか。"
539," おー！
喜んで！"
540,"RT : 本日のマスター(´-ω-`)

#rosacoffee
#宮崎
#コーヒー
#カリーノ裏 "
541,"RT : rosacoffeeオリジナルタンブラー
完成しました😊💕

#rosacoffee
#コーヒー
#宮崎
#タンブラー "
542, 却下でお願いします笑
543," あざす！笑
でも結局ビジネスの話になりますよね笑"
544,"自宅のホワイトボードが友達です。

ほんと大学って初っ端しくじると友達が出来ないんだなー"
545," おっ！よくご存知で！
そこの社長はもともとメディア関係に行きたかったらしく、今はいやいな不動産やってるんだそうです笑"
546,"今日は東証一部上場のとある企業の方とお会いしました。
その会社は日本一初任給が高く、従業員も50人だけだそうです。また、従業員1人あたり年間2億円もの利益を出すそうで、その数値も日本一です。

創業されて間もない会社がここまで上り詰めたノウハウは凄まじいものでした(笑)"
547,"RT : 今回のミサイル発射で学んだことは
・できるだけ頑丈な建物に避難してください
　→そんなものはない
・アラームが鳴ったら速やかに避難してください
　→そんな時間はない

結局、戦争が起きれば、国民一人の力は無力
選挙できちんとした政治ができる政党…"
548,"俺が知りてぇのは楽な道のりじゃねぇ

険しい道の歩き方だ

                                               うずまきナルト"
549,"RT : ワンピースで思い出したんだけど
トリビアの泉バージョンの
ウィアー知ってる人いるかな？
#ワンピース "
550,夜景を見ながら(またにしか見えない)のロマンチック(汗ダクダク)なランニング(ただ待ち合わせ場所に向かってるだけ)してます。 
551,"近所の行きつけのコンビニですごく可愛い女性の店員が、ある日店舗裏の物置から同じくらいの男のバイトと一緒に出てきた時のショック感。

表情と雰囲気から何かがあったのだろうと思った。
以前から店舗内の雰囲気でカップル感はでてたけど、なんでコンビニの物置なん？笑

事案だねぇ。"
552,"RT : #山の日 もお仕事のみなさん、この動画を見て頑張りましょう…!!  #金曜日の新垣さん #ノア #NOAH　
※動画は全画面でお楽しみください。  
 #トヨタ #ミニバン　＃TOYOTA https:…"
553,"先日早朝から電話が鳴りはじめたので、寝ぼけたままキレ気味で出てみると、高校時代の部顧問だった話。

これまで低血圧症に悩まされてきたが、この日だけは血圧が一気に上昇した(笑)"
554,2日ぶりに家に帰ると、クーラー付けっぱなしで溜まりに溜まった郵便物を見てさらに疲れました。
555,"朝５時を過ぎましたので、今日も始動します。
頑張りましょう。
※朝の大阪駅です。 "
556,"24日午前、中国のH6爆撃機6機が、沖縄と宮古島の間を通過し、紀伊半島沖まで接近、自衛隊機がスクランブルしました。防衛省幹部によりますと、この飛行ルートは初めてで、情報収集か、訓練の可能性が高いと見て、中国側の意図を探っているとのことです。
日本も怖い時代になりました。"
557,"※現在充電中です。
MacBookPro×2
iPhone×2
android×1 
ポケットWi-Fi×1 
携帯予備バッテリー×3

2人分の持ち物じゃねぇ… "
558,"大阪のとあるカラオケボックスです。
単純に見ると電気も消しててヤバイ事してるように見えますが、実は社長が2人ここで寝てます。
明日は朝4時半より始動します。

これが世の中の裏側です。 "
559,今大炎上しているユーチューバーヒカルは、㈱VAZの森社長に意見を仰ぐべきだったと思う。これが調子に乗って自分ひとりで進めてしまった結末です。
560,今日の名言。 
561,今日は関西大学にお邪魔しております。 
562,"九州パンケーキの村岡社長です。
大変勉強になります。 "
563,RT : 9/28(木）開催・トークセッション－関西学院ＯＢ社長１１人が語る－安定なんてない！学生に求められるチカラとは？ 
564,"  宮崎いる意味無くない？笑
熊本帰ってベットで寝た方がいいやろ笑"
565,"  ラインで送った件よろしく。

あきらはあとどのくらいその生活続けるん？笑"
566," うわー、マジか…
なら清一は明日は死んでるのか…"
567, 今日も寝床探しの旅やってんの？
568,"あー、てげねみぃ。やけんど寝れんなー。
明日(今日)もよだきぃけんど頑張るぞー！

※ザ・ミヤザキケンミン"
569,"会食終わり！
くそ楽しかったです。
まさかJR東日本の会長に取り次いで下さるとは…(感動)

さて、11時から起業家の友人と居酒屋へ！"
570,"今日はJR九州の特別顧問の方との定例会です。
2人で会食する時は寿司か串揚げにしか行ってない気がします（笑）
ちなみに今日は後者のほうです。"
571,"横須賀基地の第七艦隊の事故が相次いでます。
そしてアメリカ海軍は全世界で艦隊運用を一時停止する命令を発しました。

立て続けに防衛省は過去最高額(5.2兆円)の防衛費予算を要求しました。
これは原子力空母2隻を建造出来るような額です。

あくまで要求ですが、十中八九通るでしょう。"
572,"さよなら福岡、さよなら九州。
また来ます(*^^*) "
573,"現在1時。
もつ鍋5人前入りまーす。 "
574,友人にプレゼントした煙のお供。 
575, みすぼらしい格好して行ったんですけどねー笑
576,"最初レジの人に中国語で話しかけられて、その後「日本人ですか？」って言われました。
少しだけ傷ついてます。"
577,RT : 宮崎あざした 
578,"部活のある後輩の母親に、「娘はすごくいい子だから！！会話してね！」と言われました。
いい子なのは知ってるけどさ、娘自慢が半端なさ過ぎてビックリするわ(*^^*)

沢山の保護者の方に声をかけられましたが、ほとんど誰の親か分かりませんでした。"
579," あー、部長は誰かわからんねー。
お名前は？"
580, 村岡さんとか本人自ら売りそうやけど、どうなん？
581," そうなんですね！
では、またお会いしましょう。"
582, なんか、すみません…
583, 妹がまだ所属しているので、部活で取りました。
584,福岡まであと１時間じゃぜ。 
585,"宮崎さようなら。

吹奏楽コンクールを見に福岡へと向かいます(*^^*)"
586,"友人にiPhoneの充電器パクられました。
充電も切れました。
今はプライベート用のandroidを代用します。

リアルにやばいです。"
587,"RT : 本日はこちらにて営業します‼︎ 
ポップアップストア&amp;かき氷屋さんです！
注文時に”XL”と一言で練乳サービス‼︎

#まつり宮崎
#鰻楽カップ
#3×3
#バスケットボール
#basketball 
#ストリートボール
#宮崎バスケショ…"
588,"RT : ティガーの置物が壊れたからって
寅年の時に買った置物でどうにかしようとするのは良くないよお母さん… "
589,"水平線ならぬコンビニ線からの日の出です。
まさかジョイフルで日の出が見れるとは。 "
590,"今日は1軒目で高校時代の友人(謎メンツ)と食べ放題に行きました。
その後２軒目でお世話になったピザハットのクルーと焼き鳥を死ぬほど食べました。

今から3軒目なのでもう1度モザイクかけます。"
591,"宮崎市でギターを習いたいという方を募集しています！！
出張可能ですので、あなたのお家でレッスンを受けることもできます。

教室は市内の大塚町です(*^^*)
宜しくお願いしますm(_ _)m"
592,"RT : ""ROSAオリジナルタンブラー""

保温性、耐久性バッチリな本格的タンブラーです😊
9月にはタンブラー専用ロゴシールができるので、今買って後でシールを貼るのもよし、後で買うのもよし👍
気になる人はお店でチェックできます✨

#rosacoffe…"
593,"RT : いやぁおもしろい。想像すると楽しみで仕方がない。日々新しい発見あって着実に前に進んでる実感ある。今日でだいぶん開発のロードマップが見えてきたので気持ち的にも楽。
ところで、ROSのrvizという可視化するためのデバックツールの環境構築できる人い…"
594,"以前の投稿について、昨日このようなフィードバックを頂きました。
実に論理的で的確なものだったため、感動しました。

皆さんのモチベーションに繋がると嬉しいです。 "
595,"RT : 再び1週間ほど東京でSLAM検証中です。
ROS（Robot Operation System）のrviz 使える方、募集中‼︎是非一緒にやりましょう。前回と比べて確実に実用的になってきた
技術は高度なものではないけれど、間違いなく世界最先端の…"
596, まあ先輩は友人に還元してたじゃないですか笑
597," 福岡までの往復バス2台、高速代、添乗員代で645,600円ですよ。
普通に予約すると1人あたり8000円で往復できますよ。60人くらいで行ったとしても48万ですよ。"
598,"妹の部活の福岡遠征内訳を見て驚いた。
日本旅行の殿様商売もいいとこだな。"
599,"RT : 8月12日、夜ロッサ！

お店の外まで溢れるほどのたくさんのお客さんが来てくださいました✨
素敵な演奏や美味しい食事、たくさんの方の協力があって最高の夜ロッサになりました💕
本当にありがとうございました😊🙏

#rosacoffee
#夜ROS…"
600,"本日は宮崎エースランドの藤本社長と会食です。
スカイネットアジア航空(現ソラシドエアー)の創設者でもある藤本社長に、ビジネスや経営について色々質問してきます！

僕の名前にあるように、飛行機を飛ばすのが子供の頃からの夢でした✈︎

今日も全力で行ってきます(*^^*)"
601,"昨日友人とミニオンを見に行ったのですが、その友人は映画でミニオンが登場する前に寝てました。
もう少し笑いを共有したかったのですが、私も寝てしまいました。"
602, 南原さんという方です。
603,"久しぶりにカイロに行ってきます！
地元に帰ってくると、何もかも無料でやっていただいて申し訳なさすぎる…🙇

⚫告知：カイロプラクティックはご存知ですか。
マッサージとは違い、整体に近いです。

関節の痛み、骨の矯正などがある方で、宮崎県で施術を受けたい方はご連絡ください☎"
604,"夜温泉入って、朝風呂でまた温泉に来ました。
現在朝7時。今日も1日頑張りましょう！"
605,宮崎の田舎っぷりが凄すぎる。 
606,"今日は空手のイツメンと海に行きました。
10年前から何も成長してません。 "
607,"RT : 本日8月12日、19:30からカリーノ裏のrosa coffeeにて「夜ROSA」開催します😊💕
美味しい食事とコーヒー飲めます✋
お酒もあります😍
エスプレッソトニックがオススメです✨

#拡散希望😂
#rosacoffee
#夜ROSA h…"
608,"いつもお世話になっている宮崎県のバスケットショップ兼iPhone工房のGreenroomで、携帯カバーやiPhoneサポート、飲み物を頼みました。

お金を払おうとしたら、「お会計はない！誕生日おめでとう」と言われました(^-^)

iPhoneのことならなんでもしてくれます！"
609,"暑いという理由で妹にリビングから追い出されたので、代わりに妹のベッドで寝ます。
おやすみなさい。"
610,花火大会後の駅はカップルの博覧会だな。
611,コーヒーバリスタがセブンのコーヒーを買う。 
612,"本日は宮崎県のムカサハブ創設者である、村岡浩司さんにお会いしました。
彼は九州パンケーキを創設し一平寿司や宮崎県タリーズコーヒーの経営者です。
穆佐(ムカサ)小学校を買取り、ベンチャー企業を入れるオフィスへと様変わりさせたムカサハブは、今注目されています。

興味のある方は是非！ "
613,"２時半にして髪切り終了。
親友に切って貰ってすごくよかった！！
感動しました。"
614,"現在12時30分。
タダで髪切ります。 "
615,本日は人生２回目の「山の日」ですが、それと同時に人生19回目の最初の日です。
616,"閉店後の美容室にやって来ました(*^^*)
これから友人にやってもらいます。 "
617,宮崎帰るでー！！ 
618,久しぶりにすごく楽しい夜でした(*^^*)
619,"こっちは朝からバタバタ仕事してるのにそれでも起きないやつ。
でもこの寝顔だと起こそうにも起こせない。

置いていこうかな。 "
620,"すごくいい話を聞かせていただきました。
これからの産業構造の変化にどのように対応していくか、銀行としての対応などについて、個人でいろいろな見解を持っておられたことに感激しました。

執行役員というあぐらをかける立場で、自社の銀行を変えようとする姿は目を見張るものがあると思う。"
621,"福岡3、4日目はこのホテルへ。
さっさと仕事終わらせて、いざ会食へ。 "
622,"今夜は西日本シティ銀行の執行役員の方と会食です。
今、そしてこれからの世の中について語ります。

お寿司なのですごく楽しみです。"
623,RT : 車検通った？バカ言え。 
624,"高校時代、同じ部活の""虎""と学校サボった時、当時僕の担任の数学ハーレーが優しすぎて何も怒られなかった。
と思ったら、""虎""の担任の色黒イケメンに2人でくそ怒られた話。

これが高校の理不尽さ。"
625,"福岡で偶然１０年以上の付き合いになる大親友に出会いました！

積もる話は宮崎で(*^^*)"
626,新幹線で2席使うという、相変わらずの馬鹿さは絶好調です。 
627,"今日のプレゼンの後、高校生位の女の子から質問された時、知らない情報だったからまともな回答ができずに終わってしまった。

回答し直そうと私はチラシ配りをしながらその子を必死で探しました。

その結果軽度の熱中症に…
よくよく考えると数万人の中から見つけ出すなんて無理に等しい。"
628,"また無計画荒武が出た…

急遽福岡向かいます。
新幹線空いてんのかな。"
629,"朝、タンスの角で左足小指をぶつけて悶絶。
昼、地面に落ちてたレンガで左足小指をぶつけて気絶。

ついに血豆できて爪割る。"
630,"新商品、『リアジェットプロ』。
 「 即効性で効き目抜群！」

ｼｭｯとするだけで、リア充を巣ごと撃退。

                                                     アー〇製薬"
631,"明日オープンキャンパスでプレゼンするけど、去年の今頃も必死でプレゼンしてたのを思い出す。

内容も完全にデジャブです(笑)"
632,"私の汚い字を解読できる方、フィードバックをください。
とりあえず眠いので寝ます。 "
633,"RT : 不良少年の家に頭のネジが外れた家庭教師を入れた結果😂ww

不良少年のツッコミがおもろすぎてヤバイww "
634,"株式会社VAZと関われるなんて驚きです。
ヒカルさんにも会ってみたい。"
635,"半年前まで服に興味すらなかったのに、今ではアーバンリサーチの虜です。
めっちゃ行きます。めっちゃ買います。めっちゃ独りです。"
636,"今日大阪のとある駐車場に、テスラモーターズ社のEV充電器が4台も設置されていて驚きました。
アメ車と言えど同車だけば別格です。

AIによるセキュリティ技術よりさらに確実な何かがあれば、自動運転は大きく進歩するのではないでしょうか。"
637,"高級ホテルは１階にあるカフェですらアホみたいに高い。
スイーツセットで2000円はさすがに引くわ笑"
638,"宅配に関して。
より多くの方にご回答頂きたいのでRTをお願いします。"
639,"どうも。
社畜解放運動を指導するアラブラハム・ヒロカーンです。

※米国16代大統領の子孫ではありません。"
640,"RT : 楽しみ。

"
641," それな。
とりあえず、糞して寝ろ"
642, 生きたいと言えー！
643," バカ息子が…
しょうがねぇなー。"
644," 勘弁してくれよ笑
俺は白ひげじゃねぇよ。"
645," なんで俺が送るとや！
おもちゃに依存するのはあかんやろ笑"
646," あらそう？
これは失礼しました笑"
647," いいなぁ…(￣￢￣)
でも僕的にはそういう関係じゃなくて、家庭的な女性が理想だな。"
648," 嘘でしょ！？笑
そのレベルなん！？"
649, 簡単には言えないから調べてね(*^^*)
650," でしょうね。
でももう八月だから、毎日1.5回ペースでやらんと達成不可能やし？"
651," だろうね。
とりあえず使い切れよ笑"
652, お前は快楽追求型でしょ
653," 人間行動論で快楽と向上心以外に適当なものが見つからなかったためあえて外しました。
あるとすれ、女性依存型ですね。"
654,"どんなに都会が便利でも、繋がりや思い出がある宮崎が1番。
家族の温もりがある実家が特別なオンリーワン。 "
655," 10日にまた帰るから！
大阪でまだ仕事残ってるから。"
656,"RT : 【大阪芸大アートサイエンスシンポジウム】

8月2日（水）大阪府立国際会議場にて開催！！
世界で活躍するクリエイターが一堂に集結し、
テクノロジーとアートの融合「アートサイエンス」について
語り尽くす！

チケット好評発売中！
…"
657,"漫画家の締切並みにプレゼン資料の作成に追われるわー。

こういう時は、、、

     影分身(´･д(´･д(´･д(´･д･｀)д･｀)д･｀)д･｀)"
658,"少なすぎる練習量と、高校の部に出ながら中学生の方が人数多いという不利な条件の中でも、九州大会へと導いた中島先生の裁量は尊敬に値すると思います。

学院おめでとう！！！

#吹奏楽コンクール"
659, よろしく
660,学院吹部が九州大会に行ったと聞いて、興奮を通り越してテンションがアホほど下がってます。
661,"RT : 未成年の母親
中絶より出産を選んだ

「責任が持てないなら子供を作るな」

だったら、未成年の母親でも子育てに責任を持てる社会を作ればいい。

妊娠中退→社会的孤立→貧困→…
この流れを断ち切りたい

私は若年母親の自立支援事業を計画しています

賛同…"
662,"妹にデレデレなのは認めます。
でも、彼女にはとてもサバサバしてます。

とか言っちゃう彼女がいない荒武です。"
663, 9月も5日だけ帰るよ！
664, そうですよ
665," 飛べ飛べ！
宮崎までとべ！"
666," あと3日笑
でもお盆にまた帰ってくるよ笑"
667, 待ってるよん(*^^*)
668," だめなん？笑
俺なんか今日の朝4時に思い立って、そっから荷造り始めたんやから！"
669, 兄バカです。
670," でしょ！
うちの妹は可愛かよー笑
川野も来たら？"
671, 案の定、驚いてたよ！
672, 妹の遺伝子は母から来てるから、あなどれないよ。
673, お前との付き合いも長いからな笑
674," やめろ。
リアクションを楽しみに帰ってきたんやから笑
ちなみに母は未だ帰宅してない"
675,"インターネットが普及し動画配信アプリやIoTなどが市場のシェア率を占め始めた。
引きこもりや無学歴が億を稼ぐことが出来る時代に今まで通り大企業に就職や、公務員になることが果たして正解なのか。

真面目に生きてきた奴が損をする時代、このままでいいのか。

世は大怪族時代。"
676, もう家帰ってクソして寝ろ！笑
677," お前はアホか！笑
一年あれば何が出来ると思う？
友人や家族、恋人を悲しませないように1日でも長く生きなきゃ！"
678,同級生の喫煙率がアホみたいに高いので、ちょっと気になりました。
679,"タバコ1本で約5分寿命が縮むと言われるが、1日で5本吸って25分、1年で6日と３時間、80歳まで生きたとして392日(18歳からの喫煙)。

もしタバコをやめていればあと1年間生きれたとしたら、愛する人に見守られながらの病室で後悔するのではないでしょうか。"
680,"   そのうち肝臓からクレーム来んじゃないの？
それか外部による圧力で「君の膵臓を食べたい」とか言われるかもね。"
681,   お前の酒癖は修学旅行でもう懲りた。
682,"   絶対タバコは吸うなよ！！！
あと酒と女も辞めとけ。"
683,"   弱いのか飲みすぎなのか…
俺なんか朝まで行けるよ"
684,   夏絶対酔い潰してやる
685,   去年の高３男子の喫煙率の高さが異常
686,   ならそれに見合う酒奢ってね
687,   口元が寂しいから吸うんだろうけど、おしゃぶりの方がまだ健康的だよ！
688,"   いやいや、ちょい待てや！
俺は吸わないよ笑
こっち来てからはね！"
689,"RT : [プレスリリース] 学校向けにPepperを貸し出す「Pepper 社会貢献プログラム2」を開始（ソフトバンクグループ、ソフトバンクロボティクス）


#SoftBank"
690,"  ほんとね。
うちの学年は右見ても左見てもバカばっか笑
まあ俺らが1番のバカだったけど笑"
691,"話だけでも聞いてみたいという方は、DMを頂ければ幸いです。
日本のスティーブ・ウォズニアックが現れることを願っています。"
692,"一つのアイデアを実現させたい。
私は今の日本の宅配事業が抱える問題、そしてこれからのロボット産業、セキュリティ産業などと幅広い分野で利用可能なシステムをデザインしました。

ですが、それを実現させるにはエンジニアが必要です。
どうか私に力を貸してください。

※RTお願いします"
693," そう！
千里中央行き"
694,"鍵がなかった時、
「今夜は寝かせねぇぞ」って言われた気がした。

うん、無事に空が明るくなり、全身蚊に刺された荒武でした。

パソコンがあったのが唯一の救い。時間を無駄にせずに済みそうだ！"
695, しゅんは再来週泊まりに来るらしいよ、
696," ええで！
まあ明日は勝つやろうしね"
697, お気軽にお越しください(*^^*)
698, 是非是非！
699,"甲子園見に来る方、我が家を貸し出します。
※甲子園球場のすぐ近くです。

10人くらいならいいですよ！
※男限定"
700,"社員証を首からぶら下げたまま買い物してた！
くそ恥ずかしい(^^;)"
701,今年はイエス様も景気がいいなー笑
702,"明日は神対神の戦いや。

やっぱり神のご加護とかあんのかな^^*"
703,"学院カッコよすぎる！
ヤバイ！"
704,"コンビニよりも多い美容室は現在日本に27万店存在します。
美容業界の暗黒時代をむかえている今日、これらを解決する新システムの導入が必要なようです。 

このまま増え続ける美容室が生き残る方法を美容師たちは探っています。

何か良い方法は無いものか、今夜はこれについて議論します。"
705,"RT : 大事業家になる条件は４つある。
（１）貧困に育つこと。（２）または貧困を経験すること。（４）大学を卒業しないこと。（５）機械的に仕事をこなすだけの人間にならないこと。　byアンドリュー・カーネギー"
706," 不思議な人が好きなんやね。
でも実際さ、好きに理由はいらないと思うんだよね(｀・ω・´)ｷﾘｯ"
707, 恵ちゃんってタダのドSだろ
708, まあ、大体タイプと現実は違うよね
709,"本日は億万長者の方々とお食事をさせて頂きました。
もう世界観といいすごく勉強になりました。
また来週、お会いしましょう！！ "
710, なんか俺らの代にいた気がするー
711, 誰かに似てるような…
712," そうだけどー、、
やっぱり俺は虹色デイズの小早川さんです！"
713, いやー、ほんとオタクに恋は難しいよね…
714,"RT : コード・ブルーのガッキーが7年前と全然変わってないのはさすがに脅威
(1枚目が今シーズン、2枚目が7年前の2ndシーズン) "
715,"緊急事態。
荒武、名刺忘れたってよ。"
716,今日はヒルトン大阪にやって来ました。 
717,"高校3年間バイトは時給740円でやってきたが、今では馬鹿馬鹿しいとさえ思う。
でも、それがあっての今があるとも言える。

学校終わって全力でチャリ漕いでたあの頃が懐かしい。"
718," しょうちゃんと僕とは大きな境界線があるぞー笑
                                オタク
                              ────
                           ノット オタク"
719, いえいえ、アイム ノット オタク
720, え、なに？
721," なるほど。
買った時は逆に感想聞かせてくださいね！"
722," なるほど。
買いましょう！！"
723, なら俺がレビューすればいいんですか？
724, どゆことっすか？
725, 合わせてどんくらいするの？
726, うん、だから、MacとMacBookProを買おうと思っとる
727," でもプログラミングを行うと処理速度が遅いやん笑
特に俺のはcorei3を使ってるから、せめてi7は欲しいし"
728,  もうお2人で勝手にやって下さい笑笑
729,"  そういうもんだよ！
そのうちわかると思う(*^^*)"
730,"  あっ、どうも。
もう少し妹さんにかまってあげてくださいね笑
僕が言えた義理ではないですが。"
731," うん、そうみたいだね笑
どんまい…
ツンデレなの？"
732," あれ、そうだっけ笑
ごめんなさい🙏

まあ、大学生は暇とかいうけど実際すごく忙しいから、そこは分かってあげてな(*^^*)"
733," まあ、画面上はね！
実際き会うとコミュ障だから！
お陰で女子の友達全くできない笑

既読無視ですねるとかシスコンですか(*^^*)"
734," あれ、知らなかったんや笑

そやね、小濱家の姉妹弟は仲がいいよね！"
735," あー、同じように妹がいます笑
ちなみに学院高2です！"
736," もちろん！
俺はあそこまでシスコンではないけどね笑"
737,"今日オタクと言われたが、『魔法科高校の劣等生』というアニメの第1話の設定上の日付が、僕の誕生日と同じということを知ってたりするだけです。
たったこれだけでオタクとか言わないでください。"
738,"オールに備えて夜食の買い出し行ってきます。

家の横がコンビニってスゲー便利！"
739,"RT : ここ数週間で各方面から話がリンクすることがあって、
〝葬式とは何かを。〟をずっと考えていたら、自分の葬式はどうするかという思考になって、すごく興味深い葬式になりそうなのだが、弱点は、
〝お楽しみに！〟とは言えないことである。笑"
740,   僕そういう話まったくわからないので、お2人で続けてください╮(  ﾟ- ﾟ )╭???
741,   リアクションするのもめんどくさ
742,  あー、まためんどくさいのが出てきた笑
743," おう！いつでもええで！

いろんな意味で許せん！
けしからんやつめ"
744," 旅行が好きやから、貯金する派です。

でたよ、そういう奴。
俺なんか大学入って1度も同期の女性と関わってないんだからな！
もう羨ましいよ。(一部の件については許せん)"
745," あー、それ入れたらすごい額になるけど、俺個人では節約してます(*^^*)
てか、あきらはそんなに何使ったん？
服？場所代(意味深)？"
746," ある意味ってなんだよ笑
思ってるほど使ってないよ！"
747, ありがとうございます。
748, 使いすぎやろ笑
749,"74時間ぶりの睡眠に入ります…
明日は休みなので、寝れなかった分を取り戻します。"
750, 展示品見たけど、凄いよ！
751," あー、1度慣れたものを使うのがいいよ！
あと、Xperiaは4Kも出たよ(余裕で2桁いくけど)！"
752," GALAXYとXperiaは同じくらいするよ！
仕事で使うならiPhone、プライベートならアンドロイドがオススメ笑"
753," 安定なのはアンドロイド！
iPhoneは処理速度は早いけど、画面すぐ割るから維持費が高い。
でも、最初の機種代金はアンドロイドの方が高い！
俺の使ってるGALAXYは10万越してきてビビった。"
754, 俺もよう分からんから、アンドロイドとiPhone二台持ちです。
755,"RT : 寝たくない欲がすごい。
周りが寝てる間に何かやれそうな気がするんだ！"
756,"RT : 寝たい欲がすごい。
寝たら何かが変わりそうな気がするんだ！"
757,早く終わらせたいけど、新垣結衣を見たいがためにコードブルーをつけときたい。
758,"さすがに寝ないと神経がイってしまうので、６時には飯食って寝ようと思ってた…

「本日５限(16時30分)から統計学のテストがありま・・・」

終わった…(._. )ｵﾜﾘﾀﾞｰｰ
そもそも文系出身に数３なんか解かせるところからおかしい…"
759,RT : 明日からトレーダーとしてVALU本格参戦するにあたりビットコイン新規買い。現在直近高値から10万くらい安くなってる。絶好の買い場 
760,"今日は海の日⚓🔱🌊

ちなみに去年から始まった「山の日」は僕の誕生日です。
必ず夏休み前とお盆に重なるから、今までに誰にも祝ってもらえなかったです。"
761," それな！

いや、頼む相手間違ってるよ。
人のお金で行くのは簡単やけど、自分達で必死に貯めたお金で行くからこそ、有り難みが出ると思う！

俺に頼むってのは、ヒロムの株を下げることになるよ。(たまに真面目です)"
762," 「空白に敗北の二文字はない」
ということで、おやすみなさい。"
763," 失礼なやつめ。
右足の小指を角で打って寝ろ。

ここまでモテないのも才能だと、誇りに思ってるよ！"
764," 別にいいよ笑

こらこら君には俺よりも優れたATMがいるだろ。
愛という名のキャッシュカードを持っているじゃないか。
大切にするんだよ。"
765," ありがとう笑
でも今日受けたメンタルヘルスチェックは普通の人よりも健康やった笑

それはそうともう１時だよ！良い子は寝なきゃ！"
766,"ガチで前回の睡眠から48時間が経過。

⚫緊急企画⚫
超ロングスリーパーの荒武が、72時間寝ないとどうなるのか。
予想︰間違いなく死ぬ。既にクマがヤバイ"
767,"『おおきく振りかぶって』という甲子園のマンガを読み始めました。
今年は甲子園見に行きたい！"
768,調子のってTシャツも買ってしまった…
769,"店を出た後、ジャケットの横にあったベストに後ろ髪引かれ、再び店に戻る。

普段こんな計画性の無いことしないのに…"
770,大阪国際大学は4階の女子トイレがすごいらしい。
771,タクシーの中で30分くらい寝たらスッキリした！
772,"今朝は彼とビジネスについて語り合いました。
話が合う人が少ない中でも、彼は的確なコメントをしてきます笑
これからもよろしく！ "
773,"居酒屋出たら空が明るかった。
現在朝5時。
このまま帰って着替えて、大阪向かいます。 "
774,"「一生懸命頑張れば、誰かが見てくれている」
                                                                 出川 哲朗"
775,"店員が辛くないと言った黒カレー、くそ辛い。
初の吉野家で牛丼頼まなかった俺のミス。"
776,"中高6年間、9時開始の部活に遅刻し続けた。けど、誰かのために動く今では毎週土日、５時には起きて８時には県外にいる。
もし部活時代に誰かのためにという気持ちがあれば、もっと真剣に取り組めたのではないだろうか。

こんなんで先輩とは言えないが、後輩達には精一杯頑張ってほしい！！！！！"
777," 俺も食べたよ！
関西来てから食べたチキン南蛮の中では一番うまかったの思う"
778,"RT : 俺は批判くらっていい。
自由にやる代償として受け入れる。

でもだからこそ、発言も行動もこんな魅力的やねん。
ふう😌"
779,家が甲子園球場の近くなので、今年は見に行こうかな。
780,"友人A「 オーストラリアにあるy = exp(x)の逆関数     みたいな形してる岩なんだっけ？」
俺「うそでしょ！？」
友人B「あー、エアーズロック？」
俺「なんでやねん！！！」

※expとは指数関数のこと、だと思う。
俺には全く理解出来んが、自然対数のこと言ってたのかな？"
781,"大学で友達ができない原因
・いつもイヤホンをしている
・授業が終わるとさっさと帰る
・授業中異性とペアになると、コミュ障がでる。

はい、全部俺です。
誰か助けて"
782,書く人がいるんだ笑 
783,"俺の住んでる地域にはゴミを分別する習慣がないのかな。
プラゴミの日には1袋も無いのに、燃やせるゴミの日には20袋以上ある！

【主な要因】
・指定ゴミ袋がない
・準指定が真黒のゴミ袋
→そりゃあ全て黒ゴミ袋で燃えるゴミの日に出すわな。
※これでも一応、日本で住みたい街 1位です。"
784,"ノー勉で受けた韓国語の期末テスト。
最速かつ８割5分の結果で終了。"
785," クセで7時には目が覚めるのよ。
そっから時間調整も兼ねて何度寝かするのよ笑
物理的かつ精神的な睡眠時間を確保する笑"
786,"「トモキ」の字が下手すぎて、「人毛牛(じんもうぎゅう)」と呼ばれた友人。
顔の2割がアゴによって構成されてますが、すごく優しく、面白いです。"
787,"終電逃した友が泊まりに来た。
8度寝くらいした結果、現在は12時。
期末テストまで、あと1時間半。
やらかした…"
788,ポケモンマスターになりたい。
789, 期待しておりますぞ、隊長！
790, そやな、その時の悲しみや絶望感を「幸」で埋めてくれるのが、友達だよ。
791," プレモデルの価値観は人それぞれだけど、数が多く存在する物であるかぎり、それは挫折ではないと思う。
挫折は物体ではなく、心によって作られたものが壊された時じゃないかな？"
792, あるものに対して一生懸命になって作り上げたものが否定されることだと、俺は思う。
793," 今までに10回以上面接やプレゼンをしてきたけど、合否がつくものではまだ1度も落ちたことない(なぜか…)
だから、1度は挫折を味わうのもいいと思ってる！"
794, あー、なんかそんなのと、合わせて3つ申し込む笑
795,"顧問税理士の「いきましょうよ！」という言葉に押されて、県のビジネスプランコンテストに応募することに。
その応募締切日やドタバタで論文やプレゼン資料作るところが、全く去年の大学入試と同じや。
ほんとに去年と同じ流れや笑
やるからには500万円勝ち取ります。"
796," なるほど、それは分からんな笑
まあ、言えることが１つ。
それは褒め言葉ではない。"
797, どういうタイミングで言われんの？
798," あはは笑
それって褒められてないね！
まさかお前もなんかやからしたん？"
799,高校時代の朝食はみたらし団子が多いし、遊びに行っても団子屋さんに並びます。
800," それとこれとは別ですよ、
なのでさっきイラってくるメールを沢山送りました。"
801," 影ではエロガエルとか言ってます。

とか言いつつ、俺を救ってくれた恩師です。"
802,"夕食です。
平成生まれとは思えないほど団子好きです。 "
803," おー、奇遇やね！
俺もちょうどさっきあのカビゴンに迷惑メール送ったところ。"
804,"俺のあこがれやな。
ヒカルさんの年表で言ったら、来年は俺も人生のどん底に落ちるんだろうな。
そこから這い上がった彼を尊敬する。
俺が会社を始めた理由も彼と同じだ。

#ヒカル "
805,"あー、今日は給料日や…
死にたい。
2度と来なければいいのに。"
806,"小松菜奈と結婚したい。

現実問題このままなんの色気もない大学生活を送る未来が見えてます。"
807, それでいいんだ。
808, バラすぞ笑
809," 頼むからやめてくれ笑
一緒に話してる俺がそういう人間やと思われる笑

てか、お互い秘密は持ちあってるはずでしょ！"
810, 今日寝て明日起きれると思うなよ笑
811, ごめんなさい。
812," 一言も言ってないんやけど笑
まあ僕はそっち系の話はよく分かりません(*`･ω･´)"
813, お前がそんな真面目系動画を見るとか、珍しいな！
814,私の動画履歴のトップは、「アイロンのかけ方入門」です。
815,僕らが歩む今日は、昨日亡くなった人たちが行きたかった明日なんだよ。
816,今日はしんみりしたので、重い投稿をしてみました。
817,"母と電話すると、よく「ちゃんと食べてるの？お金は大丈夫なの？」と言われる。
今までに母1人で僕ら兄妹を育ててくれた。
だからこれ以上頼る気はありません。
これからは僕が親孝行する番です。
母と妹は僕が守ります。
※マザコン及びシスコンではありません。"
818,"男が涙を流す時、その理由は聞くものではない。
そういうことを勉強させられた１日でした。"
819,"俺は今日生まれて初めて土下座された。 
今まで何人もお金を貸してほしいと頼んできたが、これ程誠意のこもった頼み方は初めてやった。
こいつなら絶対返してくれると信じれたし、貸した方も気持ちがいいなんて、ほんと初めてやわ。
最初80万と言われた時はビビったけど、貸したとは後悔してない"
820,"大阪支店が閉まってたので、急遽京都本社まで行くことに…
遠すぎやろ！！"
821,"とりあえず大阪で今日納品の仕事を終わらせて、夜は車関連会社の社長と食事なので、今度は神戸まで行きますー。
自分の家が山の上やから帰るのも一苦労やし、もう引っ越したい…"
822,"出来心で浮気しました…
ちょっとだけならいいかなって思って…
ダメっていうのは分かってたけど…
憧れというか…

実は、ちょっとだけ関西弁に浮気してました。
宮崎弁愛してます！！

ボクは一夫多妻制を認めてます
(じゃった…俺が認めるまでもなく、国が認めてなかったわ…)"
823," 俺も最近知った。
この会話が夜でよかったね笑"
824, いや、一応彼氏いるから、名前出すのは後々誤解が生まれるかなと思ってさ！
825, miwaがうまい子。
826," まあ基本どこでも寝れるからね笑
鎌田の歌が上手かったから、騒音にもならなかったしね笑"
827,RT : スマホ内会議 
828," そうなんや！
俺カラオケでは爆睡してたけど、そこだけ覚えてる笑"
829,訂正ー。
830," あれ？
ゴリラのやつこれや無かったけ？笑"
831,"いつ来るか分からない災害に備えて。
ペットボトル500ml×24ー￥2720(税込)
20Lー￥1850(税込)
※送料無料です。

 "
832," これカラオケでも歌ってたやん！
めちゃめちゃすきなんやね！"
833,"オリ姫に会いそこねた者です。
正直に言うと、天の川すら掛かってませんでした。"
834,"某芸能事務所の社長と飲んでたらこんな時間に…
すごく盛り上がって2軒行きました。
お陰で有り金全部使ってしまって、帰りは渋々徒歩で。
カードが使えるタクシーがないのが田舎の悪いところ。
※現在1時30分"
835,最近クリープハイプが急上昇してるけど、いつかうちのライブにも呼びたいな。
836,"現在2時前。
一休みします。 "
837,５ヶ国語目として手話を覚えてます。
838,"不眠症なので布団に入ったら英語のリスティングのCD流してます。
ほんとにすぐ寝れます！！"
839,"僕にとって、母と妹は何があっても守らなければならないもの。
例え従業員の給料を満額払えなくても、僕が断食してでも家族に辛い思いをさせるわけにはいかない。
だからこそ、モチベーションを維持できる。

これが僕の思いです。
※ある人に向けて書いてます。"
840,気持ちは高校生な男子大学生2名。 
841,"現在５時過ぎ、気がつけば空が明るい。
仕方ないのでこのまま始発で大阪行きます。"
842, 人はまず足元からだと思うからね！
843,今日はこれを読みます。 
844,"この間共に夕食を食べてて、自分との差を感じました。
必ず追いつきます。絶対負けたくない。 "
845, まあ、実際行ってみればそう長くは感じないんやけどね！
846, 電車とバスを使って1時間くらいやね！
847, そうですよ。
848,"靴磨き専門店に来てみました。
めちゃめちゃピカピカになるやん！！"
849, ごめんなさい。
850, 僕のテロは無差別ですからね。
851,京都まで新幹線で行こうとしたけど、本数が少ないから結局普通電車と同じ時間がかかるみたいです。
852,   もちろん。
853,荒武、また、寿司を食べる。 
854,   照れる暇があったら反省しろ笑
855,  世界中探してもお前らしかいないよ！
856," あー、あれは馬鹿だったねぇ。
知らない人の家のインターホン鳴らしてさ、ドアの前でポージングまでしちゃって…"
857, その言葉、そっくりそのままお返ししよう。
858," 個人的には馬鹿を培ってきたと思う。
馬鹿なことは1通り全てやったからね。"
859,「そのカリスマ性はどこで培ったのですか？」といったことをよく質問されますが、僕の高校時代はカリスマのカの字もありませんでしたし、現在もその自覚はありません。
860,"人脈が増えないのは、自分の素性を明かしてないからだと指摘を受けました。
なので、これからは色々なプロフィールにて素性を公開していきます。
何かありましたらご連絡ください(*^^*)"
861,「やるかやらないかは自分次第。」
862,"RT : IPOアントレプレナー100人プロジェクトの講義終わりました。
こんなにもたくさん興味を持ってくださる方がいて感無量です。いい刺激になりました。 "
863," 夏それ持っていくよ！
あげるからぜひ飲んで！

あとはやる気次第やね。
俺はバカだったから勉強なんてしてこなかったけど、やっとけば良かったと今になって言える！
だから「今回だけ頑張ればいい！」って自分を騙してがんばりー！"
864," 俺は毎日アミノ酸のサプリメントを飲んでるからね。
アミノ酸の効用は凄くて文字では語れないよ笑
そのサプリメントはすごく高いから買いづらいかもー！"
865,RT :  みつやすが食べたい
866, 利用者が少ないからその分客単価を上げないと、利益が出ないんじゃないの？
867, それな笑
868," うーん、そのくらいであって欲しいね笑
まあ既に23000円やけど、まだかかりそうやし。"
869, Facebookに自ら投稿してたよ笑
870, いや、これプーチンだからw
871, まあ朝５時には寝たいなーって感じやね。
872," いやいや、他にフォローする所がないからそう言うしかないのさ笑
とりあえず俺はそういうキャラみたいだから(周りが言うには)！
部活サボらず行くのよ！"
873, 夏は飯でも行こうなー！
874," あぁ、また働きてー！！
そういえば、夏に日向学院の同窓会で社長とチーフに会うよ！"
875," まじか！
会いたいわー笑"
876," ありがとうございます笑
でも、一番迷惑かけたのは中島先生だな。
しかも全部音楽以外のことで笑"
877, うん、まあ、健全で真面目な高校生活は送ってこなかったしかなり迷惑かけたから、あながち間違ってはない。
878, まあ学院生ならある程度わかる程度に書きましたー。
879," そんなことは、断じてないぞ！
純粋にアニメを楽しんでいるのだからな！"
880," いや、キリコの名前出してくる人初めてあったわ(*^^*)
大丈夫！
まだ勝ってるよ！"
881, キリトくんはかっこよすぎて男としては太刀打ちできないよね笑
882," まあ笑
俺はドラクエでも旅芸人好きだし"
883," うん、クッソどうでもよかったね…
俺はどちらもないかな笑
旅芸人並の軽やかさで交わしてますから。"
884," そうですね！
ちょっと思い立ったので"
885," そうなんすよ！
しかも、手すりもつり革もない場所に追い込まれたので、腕くんで寝たふりしてました笑"
886," だって年寄り臭い生活をしてるからね笑
ユニバ行くくらいなら河川敷で日向ぼっこしてるし、あとは漫才見に行ったりね笑(すべて独りですが)"
887,"Twitter使いづらいって言うけど、androidは表示が変わっただけな気がするけどな…
気づいてないだけなんかな"
888,"よし、奈良公園に向けて出発(独りで)！
今日はタクシーとかは絶対に使わないで、徒歩でのんびり観光します！"
889,"よし、今日は奈良公園にでも行こうかな！
ちょっと遠いけど、鹿がみたい！
時間があれば清水寺も行きたいな(*^^*)"
890,日頃の睡眠を取り戻すべく、今日明日はずっと寝ます。
891,"阪急電車の中で4時間くらい寝てました。
マジでここはどこ？
私は誰？
君の名は？？？"
892,"大学で同じ学部の女性とまだ1度も話したことない…
自分の人見知りを恨みたい(;Д;)(;Д;)"
893, いやー、後のツイートで妹にああは言ったが、私も金券なるものはもったいなくて使えません。
894,"お金の入ったICカードやスタバの商品券1万円分をあげたのだが、全く使ってないという噂を聞いたぞ！
我が妹よー(;Д;)(;Д;)"
895,"湯浅しゅんに貰った3000円のクオカード。
お金がなくなって、飢えそうになるまでとっておきます(*- -*)"
896,"提出期間１ヶ月の経済のレポートを３時間で終わらせました。
しんどかった…"
897,電車で向かい側に美人が並んで座ってたので、化粧を取るとどうなるのか想像してたら、自己嫌悪に陥りました。
898,RT : 昨日がほぼお徹夜で体の疲れがヤバイので、命どぅ宝と名前がわからない体に良いやつを飲んで寝てみようと思います。 
899, 絶対知ってるやつやろ笑
900, それは知ってるけど、普通に市販では売ってないん？
901,  随分とプレイボーイになったもんやな
902," まだ箱すら開けてないからわからん笑
そもそもあんなのどこに売ってんの？"
903,  卒業おめでとう。
904, どんな形だよそれ笑
905,星野源の『恋』の再生数がやばかった 
906, それも送り返そうか笑
907," いや、それを俺に送り付けてきたやろが笑
欲しいなら持っとけや！"
908,"  杉山ー、噂は聞いてるぞ！
まったく裏切り者め笑"
909, いるならまた100個くらい送ろうか？
910," 常識的に無理やろ笑 
なら今度はそれを助けるための飲み物でも送ろうか？
マムシとか"
911, 使い切りそう？
912,"とある王国で騎士をやっていた荒武。罪人を逃がし処刑されました。
↑今朝の夢です。"
913," 少なくとも荒武は嬉しいよ(*^^*)
ありがとうございますm(_ _)m"
914," 心にも思ってないことを笑
人間は今ある現実で精一杯さのは笑
偉人や過去の栄光を浸るのはただのあほや"
915," いやー、もう少し自信もってる気がしてさ！
控えめとか珍しいやん？"
916,"今年もこの季節がやって来ました。
誰か我が家とG退治の顧問契約を交わしてください。 "
917," しゅんにしては謙虚やな！
もう少し言うかと思ったが！"
918, そんなことより、どうなん今年は！
919," お世辞をどうもありがとう。
部活頑張ってな(*^^*)"
920," ありがとうございます(*^^*)
頑張ります。"
921," おう！
心から応援しております。"
922," もしそれが本気ならいつでも段取るよ笑
おまえもコンクールに向けてがんばりーよ！"
923," いやいや、そんなことよりものづくりって凄いね！
工場内部とかはまさしく下町ロケットのようだったよ！"
924,"何回も電車の中で寝落ち、知らない駅なので降りては引き返しの繰り返しをした。
でもいっこうに着かないのよね…
と思ったらそもそも路線が違った。(だりぃ)"
925,"今日は日本のものづくりについて間近で感じることが出来ました。
プラスチック製品の金型作成は１ミリでも狂えば製品にならないという、緻密な作業のようです。
これから先もっとものづくりに携わる人が増えて欲しいです(*^^*) "
926, 逆に1敗でもしてたらビビるけどな笑
927," ストローと戦うみつやす。
いいと思うよ？"
928, 赤いストロー笑
929,セブイレにGODIVAのアイスが売ってたから買ってみたけど、味は普通のアイスと何も変わらない
930," 赤い布に牛が突っ込むのとおなじだと思うよ？
なんか戦いたくなるんやって笑"
931,"契約結婚しよう！

※現在逃げ恥4話"
932," でもまあ、そういった話は俺もこたろーも聞いてたんよ。
俺は怒ったりはせんけど、ひとつ言うなら態度で示す方がいいよ。
けいすけが頑張ればその話も俺らの耳に入るからさ！"
933, Don't worry at all!!
934, あいつを怒らせたら怖いでー笑
935, うん、愛が足りない
936,とりあえず朝日新聞本社ビルまでやって来ました。
937," 失礼な笑
誰だって嬉しいさ、だって家族だもの。"
938,"テストの点数を電話で報告してくるとは…( இ﹏இ )
お兄ゃんは嬉しいよ！
感動で目から何かが…

※シスコンではありません。"
939,低血圧・低血糖値により朝が弱い荒武のモーニングシステム。 
940,タクシーがいないので駅まで走ってるなう
941,"ガストで料理が来た時に飲み会に召喚されるとは。
目の前に料理がありながら食べずにお会計とは…
食べたかったなー。"
942," ほぅ(▭-▭)
最初から負けは確定してましたよ(๑ↀᆺↀ๑)✧"
943,この勝負は僕の勝ちですね。 
944,"RT : 少し前に大学生協で書店15%offやってたから欲しい本とか面白そうなの買い占めてきた。
その中の１つ、有川浩の「阪急電車」（昔読んだ）
関学最寄りの路線がメインで、大学も名前は出てないけど話中で登場。関学のブックカバーつけてもらったから完璧や～…"
945,"いきしょうたろうが自衛隊正式装備の89式小銃を買ったのを聞いて驚き！
フル装備揃えたいけど、余裕で10万越してくるから悩む( ¬_¬)
趣味にそこまで使うのも馬鹿馬鹿しいし…"
946,"こんな時間に掛けてきやがってー、睡眠泥棒の称号を贈呈しよう。
それにしても話の内容は経営・経済と、至って真面目。
まあ、奴には借りがある。覚えてろ(ㅍ_ㅍ) "
947,"彼女？家デート？
いやいやそんなものはいらん。
とりあえず先に家に帰ってて、夕食でも作っててほしい。
ロマンチックなものは求めてないわ笑
もっと生産性のあることをやって欲しい。"
948," これか！！
今気がついた笑
ありがとう♥ "
949,"石川こーたろーから仕送りが！！！
まー、期待を裏切らないクズだな笑
手紙に関してはもう最後を除いて感動。
２枚目の画像もなかなか良かった。

問題の3枚目。パンツ(俺の記憶ではあいつが履いてた)はまだ許す。あと２個はなんやねん！

最後のティッシュは死んでも開けたくない。 "
950,基本いつも携帯でクラシックを聞いているのだが、今日の昼食時にたまたま流れてたのがパッヘルベルのカノンで、小学校の給食を思い出してしまった。
951,RT : 授業中に眠る様々な人間 
952,"マネージャーに会いたい…
こんな時にいてくれたらなって最近よく思う"
953,"人生初のセリフ。
「バーボンロックで。」"
954,またまたお寿司食べに来ました。 
955,"RT : 急募!!!!
WEBデザイナー募集！
企業のホームページを作成していただきます。

報酬︰一案件につき14,8000円から19,8000円。
気になる方はご連絡ください。
TEL 0798-81-5599 LINE 
までお願…"
956,スターウォーズのマスターヨーダと、ドラクエのトロデの違いがあまり分からない。
957,"今日は１年ぶりくらいにブチ切れたわー笑

やるだけやって逃げたいってなんなん！
あと少しで手が出る所やったわ笑"
958,"   そやね！
その方が送られてきた時に捨てがいがあるからね！"
959,"   マジか！
何ラーメンかによるね！"
960,   その地方の特産物とか送ってくれるとうれしいよねー
961,ドラクエで泣いたことあるのは私だけなのかな 
962,また日向学院サバゲー部集合しないかな。 
963,"   ほんとそうだよね。
日によって1日の時間を調節したいわ"
964,   死活問題なの？
965,  学生同士の仕送りごっこ♥
966,"RT : 荒武さんどーもありがとう☺️
けどさ…こんなにティッシュきてもそんな使わんし…
高級な消しゴムとか…シャー芯とか…やる気出る系の言葉のやつとか…
俺が送るのと全然釣り合ってないんだが。 "
967,"ライン開いたら「電話もらっていいですか。」と5人から来てて掛けてみたら、かなり長時間話すのね…
かけ放題にしてないことをこれほど後悔したことはない。"
968, 夏にね！
969," あほか笑
マシで普通の学生ですよ！"
970," 駄菓子好きやで笑
てかそもそも俺に対してどんな印象持ってるわけ？"
971, いやいや、まじ！
972, いやいや、俺なんか普通の大学生ですよ！
973," いや、高校の友人です笑
俺だって遊びますよ笑"
974, え？どういうこと？
975, まあちょっと人と会っててね笑
976,ピザハットを週一ペースで頼んでたら、伝票に書かれるお客様ランクがSSになってしまった笑
977," いやいや、あれはダメなアニメだよ！
いきしょうたろーは喜んでるけど"
978,"やべっ汗
服買いすぎた…

最近自分の馬鹿さにイライラする
毎日何かしら後悔してる"
979,今日も京都へ行きまっせ！
980,"理想→朝コーヒー飲みながら新聞を読む(｀・ω・´)ﾉ

現実→寝癖頭で水を飲みながらパソコンと向き合う。

高校の頃想像してたのと全然違う…"
981,タクシーが来ない！
982,"今日は、250人もの代表、役員の方々がお集まりになりパーティーが開かれます。
楽しんできます(*^^*)
フォアグラのプリンてどんな味なんやろ笑 "
983,さらっと怖いこと言うね…笑 
984,"朝から友人の中国人から「おはよう、Happy Children's Day(⁎⁍̴̛ᴗ⁍̴̛⁎)」と来たけど、どうやら世界的な子供の日らしい！
その後に送られてきた詳細の長文が全て英語だったので、読んでなんとか返信します…"
985,"睡眠不足でも元気でいられる秘訣!!!
朝もスッキリ(*^^*)
私は毎日欠かさず飲んでます。
受験生やテスト前にオススメ!!!

ご注文は私のDM、もしくは！ "
986," あー、それわかる！
プレゼン資料を作らされた時はだるかった"
987," まあそうだよね、商業科だったもんな笑
学校楽しい？"
988," それな。
ところでひろとは何学部？"
989, あー、そんなやつ！
990, ただの課題
991," いや、ただの授業宿題。

そう言えば、国家資格の情報技術者試験受けてるよ！"
992," いやー、さすがにキツいっすよ！
俺空腹時にはイライラしますから笑"
993," だからか！！
どうりで聞こえないわけだ！"
994," 結局マイクに近づかんといかんからさー。
しかもこうたろー何言ってるか聞き取りずらかったから笑"
995," いや、あのな！
俺は耳に携帯を当てながら会話も続けつつ、数字を計算し続けたんやからな！
深夜に頭がオーバーヒートしそうやったわ！"
996, いやー、昇天してたよ？
997, いやー、俺は言葉やイメージに出来ないことは実現できないって思ってるから、宣言しとこうかなと思って。
998,"RT : 学生起業家様向けの広告業、お任せ下さい！
資金的に広告ができない、チラシが作れない…そんなお悩み全力でサポート致します。
弊社の経営者が学生起業の経験があるからこそ行える、割引サービス。
新事業を行っている、行いたいと思っておられる方をスカイワ…"
999, ラインで聞いてな
1000, ラインで聞いて笑
1001, うん、なんか目指してる人があと2人くらいいる
1002, だったら嬉しいけどね笑
1003, いや、マジなんの影響なん？
1004,"   付き合いで入るのであって、好きではいるわけやないヽ(*´∀｀)ノ
本番って…
嬢とヤルくらいなら家帰って寝る笑"
1005,"    だ・か・ら！！
なんで知ってんの！？"
1006,"   なんで知ってんだよ！
てか安！"
1007,  ということでかいはゲイ・バーね！
1008,"  3人で６万かー
了解です。
かいをゲイ・バーに置いてきたら安く済むな！"
1009,  ぬきはやだなー笑
1010,  3人でいくら位かかるの？
1011," だから社長はやめて笑
なら今度な！"
1012," あー、ごめんごめん(^ω^;);););)
お前は店とか行くん？"
1013," いやいや、申し訳ないけど俺はそういう店には全く興味が無いから笑
元々そういう女性が好きではない(*^^*)"
1014," 売る体がないよ笑
どちらかと言えば、僕らは消費者側でしょ。(俺は違うからな！)"
1015,"RT : 😖シングルファーザーが
思春期の娘を育てるって難しい🙅🏻

洗濯物を干してると
「何で一緒に洗ってんの💢やめてよ」

🍛「飯できてるぞ」
😰泣きながら何も言わず自分の部屋に

布団をきれいにし
「泣きたい時は泣きなさい」とメモ
#感動　愛し…"
1016, そうかー、俺は食べますな笑
1017," 何が強いって？

最近１日あと数時間あればなぁと思ってます"
1018," 「我が神なり」と常に思ってます。
いやー、ごめんね、なかなか暇がなくてさ…"
1019, あーいたいた！！！ 
1020," もう少し突っ込んで欲しかった

あー、阪急電車まだです…|ω･`)ｽﾐﾏｾﾝ"
1021, いや、自覚はあるけどさ、自分で神と言っちゃう神はいないよね笑
1022,断るのが下手な私は、玄関先でモルモン教の話に15分以上付き合いました。
1023,生乳ソフトを「なまちちソフト」と真顔で言ったA。
1024,"はぁ(´Д｀)
今日も結局3時過ぎてしまった…"
1025, あー、圭だったね笑
1026,"高校時代の部活のグループが恋愛話で盛り上がってます。
虎と佳の返信が早すぎて話についていけない。"
1027,"RT : スリをしようとして途中で防犯カメラに気づいた男ｗｗｗ

"
1028,"友達の彼女とか、年齢聞くと21とかリアルな数字が出ることが多くなった…
まだ気持ちが高校生のままの僕には理解が難しい。"
1029,"宮崎でギターを習いたい方は講師を紹介します！
自宅で習える出張サービスも！
元プロのミュージシャンですヽ(*´∀｀)ノ"
1030,自分の時給が知り合いのキャバ嬢よりも高いことに驚いた。
1031,部活を引退した後でも、頼ってくれる後輩がいて嬉しいです。
1032," 1人オススメ！
帰りに美味しいものでも食べて帰れば満足できるよ笑"
1033, 俺は独りで宝塚見に行ったぞ笑
1034," 気持ちだけ有難く受け取っとく。
やる気なくすわ笑
てか、お前の裸とか何度も温泉行ってるんやから今更感がすごいよね"
1035," まだ言うか！笑
多分店舗がちがうからその人分からんとよね笑
大体鵬翔高校やと思う！"
1036," ですよね…|ω･`)ｽﾐﾏｾﾝ
まあでも、ホルンにやたらと背がでかい調子乗った奴いるからさ、こたろうも締めに行くみたい。
俺もそれに陰ながら便乗するわ"
1037," いっその事バイトしたら！
うん、そうして笑"
1038," 相変わらずやな！！
まあね！
だけどいつ帰るかはヒミツ(*^^*)"
1039," おお、なんでそんな覚えてんの笑
また夏にな！"
1040," そっかー笑
言っとくわ笑
久々の絡みありがとうございます"
1041, いやふつーに1人で暮らしてます。
1042, その貪欲さ、俺は好きだよ！
1043," おー！
俺も昨日ピザハットのプルコギ食べた笑
イケメンて誰やろ笑"
1044," おう！
水はめちゃある！
一枚目の写真の右端に少し写ってるけど、クリクラのボトル4本ストックしてます笑"
1045, もちろんピザハットですよね？(▼ω▼)
1046, ヨロピク
1047," もう予約が入っててさ笑
恐らく1日で全部なくなりますヽ(*´∀｀)ノ"
1048, 出してなくても取っていくだろ笑
1049, 一応布団はあるんやけど、それ同じ人が頻繁に使ってるから寝袋持参でお願いします。
1050, お前ら打楽器奏者は欲望の塊やな
1051, 遊びに来いってことや！
1052," これでも半分は頑張って食べたんだよ！
もう飽きた"
1053,"うちの家に来た母親の第一声。
「ここは避難所か…」 "
1054,"RT : 横のカップルめっちゃいい

男が奢ってたから、
男やる〜
と思ったら、
彼氏さんが席外したときに
こっそり、彼氏さんのお財布に
500円入れよった。
二人合わせて500円もか買ってないのに
彼女さんかっこいい。
奢られて当然っておもってる女はダメだ"
1055,母が家にやってきました(*^^*)
1056, うん、宮崎はどうかしらんけどね笑
1057," ビッグサイズはもうなったよね笑
うちの近所のコンビニでは普通サイズもすべて売り切れになってた"
1058,カルビーのポテチも販売中止になり始めてるので、あわてて買いました⸜( ¯⌓¯ )⸝ 
1059,"お隣さんよ、なんで2時過ぎてから営み始めんの！
場所と時間を考えや！
早く寝かせてくれ…"
1060,"RT : #お前らガチ泣きしたシーン晒せよ

NARUTO
これはさっき見て泣いた
ミナトの別れのシーン "
1061, なら今度はテレビ電話でもつかって共に晩酌するか笑
1062, もう朝の4時だけど、なんで起きてんの？笑
1063," もう2度と福岡いかねー笑
まあそれは無理な頼みだな
お前のことろに女子を派遣して何もなく終わることとかないやろ笑"
1064," あれー？
なんか俺この前こーたろーに誘われた気がしたんやけど、気のせいかな？笑"
1065, お前に店とか言ったらそれ系しかないやろ笑
1066," 俺がいつそんなことを…
いやー、俺小学生にも負けるくらい胸ないで？"
1067,駅のホームでおじいさんがいきなり倒れたんだけど大丈夫なん！？
1068," そうなん？
帰らせてもらえなかったって何事笑"
1069," クソ迷惑な客やな笑
当然！"
1070, また閉店時間過ぎとるやん笑
1071,関西学院経済学部の講義に潜り込む、立命館学生S・I。 
1072,今日の昼飯は中庭で！ 
1073,"RT : #心が乱れた時に見るgif
犬から寝床を奪うなど造作もない事よ…
"
1074,"クッキーのカフェ！
すごく美味しいです♪ "
1075, ご馳走してください。
1076,"くら寿司に来ました！
いっぱい食べるでー！ "
1077,"大体毎日深夜2時から電話でお話ー
ちなみに現在1時30分ですが夕食を食べます。"
1078,"買いすぎてしまったpart4…
実は僕、果汁ジュース好きなんです。 "
1079,"抽選で当たるとか意外と応募してみるもんだね。
スタバギフトカード一万円分貰った。"
1080,とりあえず金八先生ごっこしよ。 
1081," 怒ってないよ笑
とりあえず眠い"
1082, 朝日新聞ね笑
1083,とりあえずバーベキューきてます。 
1084," 今電車でまた大阪に行ってるー
ちなみに俺住んでんの兵庫な"
1085," ありがと！
でも良い子はちゃんと寝るんだよ！"
1086, そんなこと聞かれるの！？
1087," あね。
ヤバイやつと思われるから消した笑
俺もビビったわ"
1088, もしかしてさっきのツイートで？
1089,美容室で爆睡してたらいろいろやられてました。すげー気に入ってるけど、9000円と言われて内心驚いたが、冷静なふりしてました。
1090,"今日は朝から朝日新聞本社まで来ました。
予想よりかなり大きくて緊張してきたわ笑
さあ、やるだけやってみよう "
1091,"さぁて、もうお決まりの寝てはいけないの時間です。
明日は朝9時から大阪に用事があるのに、朝までに片付けないといけない資料が…＿ﾉ乙(､ﾝ､)＿
今週(5日間)の累計睡眠時間は13.5時間。"
1092,"あー、今日も3時過ぎてる…
神よ、睡眠をお恵みください"
1093,"RT : あかんクソ笑ったww

結局死刑wwww "
1094,RT : 好きな人の電話に出るときの声 
1095,RT : これ面白過ぎｗｗｗｗ 
1096,"手土産として頂いた、「北極のアイスクリーム」が美味しい！味はミルク、アズキ、イチゴと抹茶です。
道頓堀にあるらしいので、大阪来た方は是非！"
1097,"今日も対面会食があります！(相手の方は言えませんが(￣▽￣;))
気を引き締めて、Let's try！"
1098,"今日も寝れそうにないな…
今週4日目ですがまだ5時間しか寝れてないわ泣
まじでコーヒーメーカー大活躍！"
1099,"セブイレにて。
俺「揚げ鶏一つ」
店「マタタビですか？」
俺「そうです」
店「申し訳ありません、当店には云々」

どうやらお互い耳が悪かったようだ。"
1100,"ピザポテトやカルパスに引き続き、今度は日用品を買いました。
だが、買いすぎた感は否めません。 "
1101,"おーおー、することが多すぎて終わらんぞ！
コーヒー飲みつつ朝を迎えそうやな笑"
1102,"1頭ならまだしも前回のように3頭のイノシシと遭遇したらダルイな…
それでも夜食食べたいからコンビニへ。"
1103,雨が降ってるのにバイク乗ると、ギアチェンジがしにくい
1104,"なんで俺経済学部なのにマネージャーやってるんだろ…
マネジメントなら商学部でしょ"
1105,俺の高校生活がバイトで終わってたこと、先生達今では笑い話かよ…
1106,"アレルギーで鼻水が止まらん！
今日だけでティッシュ2箱目や"
1107,"キリスト教の暦を取り入れている関西学院では、日本の祝日は関係ありません(&gt;&lt;)
よゆーで明日も明後日も授業です…"
1108,"帰り道、家の横でイノシシ3匹と遭遇笑
タクシーで帰っててよかった！"
1109,なんで国家試験ってこんな手続きがめんどいの。
1110,毎週金曜、土曜、日曜に大阪か神戸で夕食を食べる習慣をどげんかせんといかん。
1111, とりあえず買いました笑 
1112,"俺は不眠不休で寝る間も惜しみ、一生懸命…

遊びます。"
1113, そやね、帰りにでも買って帰るわ！
1114," そうなんや笑
俺阪急電車めっちゃ好きよ！
JRより阪急派です！
と言っても大体ビジネス書を読んでるか、音楽聴きながら終点まで寝過ごしてるかのどっちか！"
1115," そうなんやー、最近本読んでないわ笑

おっ、それも読んでないけど、阪急電車ならいつも乗ってる！！"
1116," まあ、でもいつもお世話になってる法律事務所が見るだけやから妥協した笑

そう、てかよく知ってるねー(⑉●o●⑉)"
1117," そう！
それ付け加えようと思ったのよ！！
でも、その前に丸を書いてしまっててさ！
消しまくるのも申しわけないしさ笑"
1118,RT : こんな近くにユニバのスタッフおった爆笑 
1119, さすがにこーたろーは、その波には乗らんやろ？
1120," いや、それやべーやろ！
なに、女子が可愛すぎて遊びに走るとか？"
1121,関学の経済学部、留年率が2割ということが判明。
1122, 待ってますー笑
1123, うん、いいよ笑
1124, それを言うなら俺もだけどな笑
1125," 是非夏のオープンキャンパスに来なよ！
そん時腹いっぱい食わせてやるよ笑"
1126,"小腹を埋めるべく2件目へ。
でもやっぱひとりだと寂しい気もします。 "
1127," そんなことないさ！
誰でも似合うものを買えばいいのさ笑"
1128,行きつけの店でひとり寿司(*^^*) 
1129, みんな入学式で着るさ笑
1130, なんちゃって社会人です笑
1131,"いやー、めちゃくちゃうまく行きました！！！
長い付き合いになりそうですね笑
引き続きがんばります。"
1132," ありがとうございます！
頑張ります！"
1133,"今日は大阪にある、ケシオングループ関西企画本社に来ております。
役員の方との面談ということで、かなり結構緊張してますが、なんとか商談をまとめてきます。(｀・ω・´)ゝ "
1134,"パソコンの講義で横に座った人がまさかの大宮高校ということで、大学で初めて宮崎の人と会ったうれしさ。
涙でそうになりした。"
1135,"さっそく今日母が遊びに来ます笑
メチャメチャうれしい😆"
1136,  せめて80くらいは行こうよ笑
1137,"  でもまあ古川はすぐ終わるやろ笑

ごめん…笑"
1138,"  やば！
でもウチも選択であったよ！
俺はとってないけど"
1139,  え！？あんの！？
1140," マジか！？
あの制服考えた人が聞いたら涙を流すようなセリフやな！
俺なんか多分捨てた"
1141, なわで今更そんなボケを…┐(´д｀)┌
1142, なんで高校の制服着てんの？
1143,"深夜の神戸を歩いていると「マッサージ行く？」と、12回ほど女性に声をかけられた。
しかし30分3000円とめちゃめちゃ高いのだが、いったいどんなマッサージやねん！"
1144,"今晩は寿司を食べました。
宮崎以来だったので大満足です☀ "
1145,"RT : iPhone修理工房宮崎店は１時間以内での修理お渡し。
無料のコーヒー提供中。
午前割500円＋お電話予約割1000円
合計1500円引き
本日の営業時間は9:30〜20:00。
＃iPhone
#アイホン宮崎
＃アイフォン修理
＃もっ…"
1146, わかった。行くわ！夏にそっちで仕事作るわ
1147," えーとはなんだ！えーとは！
十分でしょ！"
1148," 待ってるよ！
今年九州大会行ったらこれるやん！"
1149," あそびにきな！
いつでもお待ちしております！"
1150," おう！
うちに遊びに来たらいくらでも食わせてやるよ！"
1151," えー泣
せめてキャバにしとこうよ"
1152," なら強引に福岡での仕事作るわ笑
どれ系の店行く？"
1153, どっちに？笑
1154, 店にいけ笑
1155,やけ食いします。 
1156,"帰宅したら税理士事務所からパーティーの招待状が届いてた！
行こうかな。 "
1157," 爆笑ですよ！
だけどね、隙間広告にいくらかかるか分かってるー？笑
間に合ってないの？笑"
1158,"とても有意義な話ができましたーヽ(*´∀｀)ノ
新しい事業計画も立案出来て、大満足です！

さあ、「夏だっ！イベントだっ！広告だっ！」ということで夏に向けて頑張ります！"
1159,"今日は大阪でプロデザイナーの方とお会いします。
分野が違うけど、事業の幅が広がるといいな(*^^*)
さぁ、気を引き締めて行こ！"
1160,"どうして10分間の休み時間で1キロを移動できようか、いや出来るはずがない❕
木曜の4限と５限の間の移動距離が“超地獄級”なのである。
それ加え、僕の特殊能力である方向音痴がこの地獄を本物の地獄と化させる。
こんな時間割にするんじゃなかった…"
1161,"ピザポテト好きなので、2箱発注しました。
カルパスも好きなので頼んだのですが、発注ミスで20箱来てしまった。 "
1162,「宮崎弁めっちゃええから残しといた方がええよ！」ということで、うちのサークルで俺は関西弁禁止です。
1163,バイク教習１時間だけなのに股関節が痛い。
1164,ご飯食べたいけど、起こしてしまいそうで怖い 
1165,"今日、自分の将来を掛けてきます。
一か八か、吉か凶かは分かりませんが、やれるだけやってきます。
という訳で、家には帰りません笑"
1166,"FBIの赤井秀一の声どこかで聞いたことあると思ったら、ワンピースのシャンクスだったわ！
どうりで胸に響くと思ったわけや"
1167,"授業中の飲食オッケイとか朝食持ってくればよかった……
空腹で90分はむりやー"
1168,"RT : #今の小学生は知らない 

このシーンで流れたオラシオンを聴いて涙したのは俺だけではないはず…。
聴いたことない人にはぜひ聴いて欲しい名曲です！
ちなみにこのポケモン映画の公開は2007年なので10年前だったりw …"
1169," 俺は欲求に負けて食べました。
美味しくなかったよ。"
1170,30分前に授業終わるとか嬉しすぎ
1171,誰かのために作る夕食と、自分のためだけに作る夕食は味が違う気がする。
1172,"RT : ノリもいるとゆうことでついでにテープのり買ったつもりが詰め替え用

どうした俺 "
1173,RT : 明日雑巾いるの今知って買いに行こうとエレベーター降りたら雨降ってて(だりい...)傘取り帰ってエレベーター降りたら雨やんでて(まぢかよ)チャリ乗ろうとしたらチャリキー忘れてて(うぜえ)取り帰ってまたエレベーター降りてそのまま近くのドンキ…
1174, あね、それも一理あるねー
1175," 逆やない？笑
精神年齢が高いから同級生とかじゃ満足できない的な"
1176,  ま、まねすんじゃねえぞ(&gt;_&lt;)
1177,  名前はそれっぽかったが、犯行に身に覚えない！笑
1178,"RT : 粉砕‼︎からの救出劇‼︎
ネットで簡単に交換できると言う甘い言葉の先に...

30分後、快適なiPhoneへ。

お客様の安心された様子がとても印象的でした。

iPhone修理工房宮崎店
0985-40-1137

#iPhone…"
1179,"授業が平均10～15分前に終わってくれるから助かるー。
方向音痴には休み時間中に次のクラスにたどり着くのは無理なんです。"
1180,  なんだなんだ？それは俺のことか？
1181,コーラを飲んだことが無い私はコーラ童貞らしいです。しかもこれ女性に言われたからな笑
1182,お花見をしに芦屋まで来てみましたヽ(*´∀｀)ノ 
1183,"1分以内に電車が発車するのだが、隣のホームに降りてしまった。
しかし、サカイ引越センターで鍛えられた階段ダッシュのお陰で間に合いました！"
1184,"俺も家事代行たのんでいい出会いないかなぁ……

逃げ恥もう一度見たい"
1185,今夜は我が家のカウンターで奨と語ってます。
1186,"RT : こんにちわ‼︎
桜が満開になるのが楽しみですね！
素敵な写真や思い出を快適なiPhoneで。

ガラス割れ修理45分。
データそのまま。

早く修理しておけば良かったとお客様笑顔になってます‼︎

困った時には
iPhone修理工房宮崎…"
1187, いや、幸いにも4駅過ぎたところで起きてくれた！
1188,"おっとーーーーー！！！！！
隣の少女よ、寝ないでくれー、肩が重い。
起こすのも可哀想なので、そのままにしてたら既に2駅降り過ごしてる件。"
1189,早く帰りたいのに普通列車に乗ってしまった……
1190,"えー、今日の会食はヒルトン大阪ホテルの中華でした。
大好きな北京ダックが食べれてよかった。
※許可を得て撮影しております。 "
1191,"家族と過ごせる最後の夜！なんだが…残念なことに会食があり別行動です。
すでに泣きそう"
1192," ツッコミ待ってたよ！
うん、よく考えたけど、やっぱり久保田の出番はなさそうだね！"
1193, 俺も普通の女子高生だったらそうしてたけどよ、妹はないわ
1194," いやー、窪田の出番はなさそうやね！
強制的に寝かせるから"
1195,昨日より妹が「一緒に寝よう！！」と今までになく甘えてくるのだが、倫理的にイェスとは死んでも言えない兄の苦悩はわからないだろう。
1196," お前の家、朝起きたら焼け野原やから覚えとけ笑
といっても、今日はケーキとチョコパフェ、そしてスティックシュガー2本を食べた(舐めた)ので大満足です。"
1197," どうも、ニコチンより砂糖舐めてる方が落ち着く荒武です。
というわけで、よこせ"
1198, もういい、やめてやる！笑
1199, これでもしあのバカも言ってきたら、Twitterやめてやる笑
1200," だからなんやねん！
揃いも揃って"
1201," あはは。
俺こんな事言ってるけどシスコンではない！
そこんとこよろしく"
1202, 俺を殺してから行け！
1203, ころす
1204,日曜日のこの人混みで妹のみ無傷で歩けるのはずるいよね 
1205,"たこ焼きを食べながら道頓堀を歩く妹は無敵であった。
確かにぶつかってソースが服についたら困るもんね"
1206,"RT : 水没したiPhoneが
無事に復旧しました。
データも大丈夫でした！

これからも大切にお使いください。
(✿╹◡╹)

#iPhone宮崎
#iPhone修理
#水没
#アイフォン
#アイホン …"
1207,"今日家族でグラム数で値段が決まるチョコ専門店へ行った。袋は妹が持っていた。
妹と母が袋にチョコを放り込んだ後(兄はまだ選び中)、母が妹に｢そのくらい自分で払いなさい」と言った。途端に我が妹は袋を閉じてレジに持っていってしまった。残るのはチョコを抱え呆然と妹を見つめる兄の姿であった"
1208,大学入試の時に声かけられて、そのまま連絡を取り続けている人がいたのだが、その人がまさかの僕と同じ韓国のクウォーターということに運命を感じた。
1209,何故か明日数年ぶりに吹部の先輩に会うことに
1210, え、いくらで？
1211, iPhoneの画面修理ならお任せ下さい。
1212," あー、こたろーはアットホームやね！
俺は本店の方に行ってたわ"
1213," 元吹部の男子はみなやっていたではないか！
ちなみにこたろーは未だにやってるから！"
1214,大阪で降りるつもりが、寝過ごして京都まで行ってしまった件
1215,"RT : 今日もお客様のiPhone
丁寧にキレイに
直していきます。

#iPhone修理宮崎
#ガラス割れ
#ひび割れ
#液晶不良
#バッテリー交換
#充電もたない
#アイホン
#アイフォン "
1216," おう！
寝ぶくろ持参でよろしく！"
1217, わかったー。報告待ってるわ！
1218," ありがとう！
おまえもいろいろと頑張れよ！！"
1219, おうよ、親友
1220," うわ、言っとけばよかったな……
なら、なんか自分の本を買う時に領収書切ってて！
それをかわりに経費で落とすから！"
1221," うん、そうやねー！
よろしく頼むよ！
追伸︰本や筆記具など広告作成に必要な物品は、会社の経費で払うから領収書を切ってください。"
1222," 行ってきます。
いろいろとありがとね！"
1223," 俺も感謝しかないよ！
るいと一緒にやってこれて良かった！！
必ず遊びに行くからさ、その時はよろしく頼むわ！"
1224," あの粘り強さはさすがやね！
うん、また声かけてな！"
1225," おうよ！
なんかあったらいえよ笑"
1226, お前とはまたどこかで会う気がするわ
1227," 合格おめでとうね！
また経済こと語ろうや！"
1228," もちろん！
遊ぼうやな！"
1229," もう！泣けてくるやん！ 
でも本当に今までありがとう！"
1230,"最後の組手で塁の膝蹴りをくらった笑
その痛みを少しさみしく思う笑"
1231," いえいえ、こちらこそありがとう！
もちろん、負けへんでー！"
1232,"朝食に母が作った味噌汁と炊き込みご飯が美味しかったわ笑
宮崎、さようなら。
お見送りありがとう！ "
1233,"最期の最後の組手で塁とあたった。終わってからの無意識にも今までで1番強く握った握手、それがお互いが13年間拳で語った最後の挨拶だった。
俺の人生では1番長い付き合いです。学校の卒業式では泣かなかったのに、何故か今日は涙が出ました…
今まで本当にありがとう！今日の握手、忘れません！ "
1234,"寝る気あるのか。
灰になりそう "
1235, いやいや、読んで字のごとく死んでるんですよ！
1236,"午前2時、帰宅。
午前3時、終身。
午前6時、起床。"
1237,パイロットになるのが昔の夢だったが、別のやり方で飛行機を飛ばすのもありだな。
1238,"今日はスケジュールに余裕があったので急遽カイロプラクティックをやってきました。
骨盤と背骨がずれておりました笑
足を組む癖と歩き方が問題のようです…
一応元に戻ったが歩き方次第ではまたずれるそうです笑
気をつけます。"
1239,"極楽湯に入る前、偶然エースランドの社長さんに出くわし、入浴無料券を頂いてしまった。
得したなり。"
1240," まあねー笑
ちなみに独りですが…"
1241," 俺としてはツッコミを待ってました笑
まあ、損してるよね笑
ちなみにその人すでに出来上がってる"
1242," さすがにきづくよねー笑
いやいや、横でこれをカッコつけて言ってる人がいて笑った！"
1243,"RT : iPhone修理工房宮崎店
2月27日 10:00 OPEN  
初めのお客様限定修理費3000円OFF。
2番目のお客様修理費1500円OFF。
3番目のお客様修理費500円OFF。
受付時にTwitterをフォローしてレジでお伝えく…"
1244,"RT : あいにくの雨。
iPhoneの水没にはくれぐれもお気をつけください！
水没した際はすぐに持込みください‼︎
スピード対応が復旧のポイントです。

※こちらは水没後1時間程で来店し、無事直りました‼︎

#iPhone修理宮崎
#水没
#…"
1245,"RT : 本日もお客様のiPhoneが45分でキレイになっております‼︎
バッテリー15分ほどで交換可能です。

#iPhone修理
#iPhone宮崎
#ガラス割れ
#バッテリー交換
#水没修理 "
1246,引越のサカイのダンボール十数個を日通に持っていってもらいました。
1247," マジか笑
あれはなんの勢いやろうね笑"
1248," え、そんな感じやなかった？
あんま覚えてない笑"
1249,今からマリックスの温泉へ！ 
1250,"おいって、もう朝やねぇか！
勘弁して欲しい(今日２回目) "
1251,"えー、男7人で動画評論会なう。
ほんとしょうもないわ"
1252,"古川にガチで顔の前で屁をこかれた。
まじで勘弁して欲しい。"
1253,罰ゲームでみんなの前で彼女とキスをさせられた少年S.
1254,ここに女子が来たら生きては帰れないだろうな
1255,"今日で私の空手人生が終わりました。
今年で14年目です。いろいろな人と出会い、沢山の経験をさせてもらいました。
いつも馬鹿なことばかりやってて楽しかった！また集まって遊びたい。長い間、ありがとうございました。 "
1256,どうしてこうなった…… 
1257,"宮崎あるある。
電車が1両のみで走ってること。"
1258,"RT : 試合勝てました！
ありがたく最優秀賞までいただきほんとに感謝です🙏
いい経験になりましたほんとに "
1259,"RT : とりあえず今日キックの試合初めて出るけど、
ボコられんように頑張ろ(緊張) "
1260,最近の自分を振り返ると、昼はROSAcoffee、夜はバーに行ってばかりな気がする。
1261,前田先生が歌い始めた
1262,"今日は最後の空手の試合です。
といってもスタッフですが笑 "
1263,iPhoneの画面割れや水没が正規の半額以下で修理できるなんて安すぎる笑 
1264,"お前も俺も人の下につくようながらではないのは分かってる。
だから俺は待つ。
お前の準備が整うまで、1人で耐えしのぐ。"
1265,"ROSAにかなり美人な人がいて、話を聞いていると青山学院だった。
やはり美人が多いという定説は正しいということか。"
1266,"でたよ、朝からシャンプーとボディソープどっちがどっちか分からない！！
いい加減韓国語やめてもらっていいですか笑"
1267, 暇人か
1268," なんでみてんの爆笑
ケーブルテレビでもつけてたのか？"
1269, ケロロ軍曹しか思い浮かばん
1270, まあ、俺がボランティアで草むしるとおもいますか(笑)
1271, それがですねー、ガッツリお金もらってます(笑)
1272,草むしりなんていつぶりやろ！
1273,"俺の一日が草むしりで終わりそうな勢いや…
なにやってんだろ"
1274,"RT : 週末の3×3ゲームに着よう。
ライオンエンブレムの名前募集中です‼︎

#宮崎バスケ
#ネーミング
#名前募集中
#グリーンルーム "
1275,"税務署で一日が終わった…
休みがほしい"
1276,学校が休みでもハードスケジュールで結局は学校並みの忙しさ
1277,"いやいや、これはあるあるやね！
懐かしすぎて笑えた "
1278,"そういえば中島先生、誕生日おめでとうございます。
プレゼントはテキーラでいいですか？"
1279," もういいです。
まあとりあえず、これからもよろしく"
1280," 結構言われるけどね(笑)
うん、足元にも及ばないな"
1281," いやいや、おれ起こらないから！
どちらかと言うと大谷翔平やな"
1282, いやいや、にてねーよ
1283,"はぁ、今日だけでいったい何万つかったんやろ…
とうぶん節約なや"
1284, まあな
1285, 小籔ってだれ？
1286," いや、飲むやろ！
それが少女が思いの外弱くてさ"
1287, どゆことやねん！
1288,"佐々木カップルと焼き肉に来たのだが、なぜかおごることになってる…
さすがに万を超えられるとためらうよね。"
1289, それだれのこと？
1290,結局サクラカフェに来てしまった
1291, いやいや、マクラーレンも忘れないでほしいね！
1292, いやー、シボレー壊れやすいとよね！
1293, 俺はイギリスのマクラーレン派だよ
1294,"都城小松原小学校の校庭で野球してる人に叫ぶおっさんの図。
野球が好きなのはよくわかりました、それより早く現場いきましょー。"
1295," ちがうよ。
あまり公の前では言えないから、やりたい人だけに個人的に話すわ！"
1296, うん、押方がやりたがるかもってこうしろうさんもいってた！
1297,"趣味または本気でギターをやりたい方を募集しております！
わたしが教えるわけではありません、プロの方をご紹介します！
お知り合いにおりましたら、声かけてください！"
1298,都城のハンズマンが大きすぎて笑った
1299,"ラプンツェルシリーズ何回も見たんやけど(笑)
見せられたと言う方が正確やろうか(笑)"
1300, どゆことら
1301, まあでもただのダッシュじゃなくて、平均15㎏の荷物を持ってだけどね。
1302, いや、そのうちヤバイかも！
1303," いやー、やめとくよ、
まだ毛根ががんばってるから"
1304,"朝と昼を食べずに合計15階の階段ダッシュを7時間続けた結果…
膝を壊しました(T-T)
決して盛ってるわけではありません(笑)"
1305,いまだ17歳のひろむくんは原チャリなので、そらすら没収して私が乗りたいと思います。
1306,"いまだに都城やー泣
帰りたいなぁ"
1307,"営業のプロジェクト会議が終わったのが２時を過ぎてたー
家に帰るのは何時になるやら、、、
俺の睡眠時間泣"
1308,"surface pro4を買ってしまった(*^^*)
パソコンは去年買ったはずなのに笑"
1309,"本日のランチはイタリアン！
ピザは食べ飽きてるのに…"
1310,"ウィーンフィルのプラチナチケット！？
私もご一緒させてください！"
1311," 俺の人脈なんて大したことないさ！
ただ、自分の将来のために得られるものは得ておきたいからね"
1312,"次は住友生命の会長様。
覚悟していかないとやられるぞ…"
1313, うん、おやすみ♥(そのまま2度と目覚めなければいいのに)
1314," お疲れ様です。
俺は優しいから！"
1315, いやー、体力的よりか精神的に疲れてるのでそんな地獄の拷問のような事させないで！
1316,"明日、やっと宮崎に帰れます笑
さすがにちょっと疲れたな"
1317,"個人的に色々な大企業の重役の方と飲んでると、勉強になることが沢山ある。
世の中にはいろんな人間が居て、その中で生きていくには人との距離を常に考えなければならず、またその事を決して忘れてはいけない。
これが世を上手に渡る方法だと思う。"
1318,今日も２軒目に突入です… 
1319,"ビールにテキーラは入れないでしょ普通！
中嶋先生でもあるましい！"
1320,"いろいろと勉強になります。
やはり外国の方と英語で話すのはとても難しい！ "
1321,54度はさすがにやばいかな
1322,"２軒目突入。
だが、このバーは外国の方しかいないようです。"
1323, いや、先生に宣戦布告する生徒とか模試を３回連続遅刻する奴よりレアやぞ！
1324, 来年も行くか？
1325, 今年の修学旅行も暴れたきたら？
1326, お前のそのくだらないギャグセンスに敬意を表したのだよ笑
1327,福岡にいるので全く揺れなかった
1328, 安心して男だよ笑
1329,"大学入試で知り合ってたまにラインしてる福岡のとある高校の生徒会長さん、まさかの俺と同じ韓国のクオーターとは…
うん、なんか運命を感じるよねー。"
1330," それ説明不足でしょ笑
なら、紹介状書くからライン来い"
1331," いやいや、その中の一つで仕事してんだけど笑
それは運がわるいのかな？"
1332,"  えー！？
それどこ？"
1333,"  どんまい！
てか、だいたい高収入のバイトは面接とかも厳しいし、採用人数もすくないからな…"
1334,"  うん、俺も知らん笑
黙って大人しく遅刻してろ！"
1335,  あいつならこの回数は1ヶ月分やろ
1336,  いやいや、先生も後半からいちいち記録つけるのもだるくなったんやろ
1337,  遅刻回数よね
1338, そうそう
1339,宮脇のお父さん、辛麺ごちそうさまです。
1340," 俺今でも覚えてるー。北上さんって人やったけど、別れ際に涙目になってて俺も泣きそうになった笑
めっちゃいい人やったよ、今年は誰に当たるのかな？"
1341,ついに移転！Appleの新本社がスゴすぎる (NAVERまとめ) - LINEアカウントメディア  #linenews 
1342, ほーい
1343," まあまあやねー
おう！
まってるわー"
1344,"  どっちでもいいよー！
とりあえず自販機はやめとけ"
1345,"  飲み物買っていった方がいいよー！
自販機すごく高いから！"
1346, 交通量調査
1347, そうやね！
1348, まあ、前々から2月いっぱいまでっていう契約やったから！
1349,"本日ピザハット、ラスト出勤です！
2年間、お世話になりました！！
社長とは成人式の来賓として会いそうですが笑"
1350,  まあいいけど笑
1351,  待ってる♥
1352,  あれ、そうだっけ？笑
1353,  ごめんチャイ！
1354, うん、間違いなく笑
1355, 部屋に入ってきて｢お前ら酒でも飲んでんじゃねぇのか！｣とか言われたけど、明らかに部屋が酒臭かったしね笑
1356," それな笑
でも俺は赤嶺先生に酒もバレてたし、同室に冤罪をくらったやつもいたから罪悪感で何も言えなかった笑"
1357, あー、うちは赤嶺先生にキレたけどね笑
1358," いや、あの時Ｆは俺らからしたら英雄だよ！
俺はＦのことすごく好きやけど！"
1359,  いやいや、まああれはあれで楽しかったし、掘り返すのはやめよう
1360, まあ、Ｆくんキレたんよ笑
1361, そうそう笑
1362," いやいや、うちのクラス先生と喧嘩したやん！
知らん？"
1363," いやー、だって修学旅行じゃん？
でも、1年で１番先生に怒られた気がするよ"
1364, 森迫以外の誰かは覚えてないけど、とりあえずそいつらの部屋の風呂は使えない設定にしといた！
1365,イタ電といえば、修学旅行で何人かをはめた後種明かししたら、森迫にガチでキレられたのを懐かしく思う笑
1366," おーおー、俺も掛けてやろうか笑
言っとくけど俺のイタ電修学旅行で何人も騙されたからな笑"
1367,"そういえば、数ヶ月前に俺がバイクで事故ったと学校に通報したのは一体誰だったのだろう笑
今だからこそ先生との笑い話に出来るが…
あの時はガチでビビったわ"
1368,家に晩飯がなさそうなのでホットモットでいつものチキン南蛮を買って帰ります！
1369,"入学式のために家族3人の往復切符を予約しようとしてた…
そうだった…俺だけ片道切符なんだ…泣"
1370," そうや笑
また今度話してよ笑
よかったら本貸すけど？"
1371,"  うーん、どうしても起業したいなら税務署に起業書類を提出して認可をもらい、銀行に融資を頼むとか？
その際は説得力のある事業計画書を書くことやな！
でも、合同会社(LLC)ならほとんどお金はいらないよー"
1372, それは学生で？
1373, あー、ごめん利子がつくから月38000円やな！
1374, 20年
1375, 家と同じくらい
1376, そんなもん
1377,雨降ってるし家に帰るのがめんどくさい笑
1378, 月３万はいかないかな
1379, 分割やから月々で見たらそうでもないよ？
1380, いやー、それはあれに決まってるやろ笑
1381,  それ宿題？
1382,修学旅行かー、なんか１番お金使ったのホテルの自販機な気がする笑
1383,"やっと終わった…
この2年間の最長残業時間更新(*^^*)
うれしくねー"
1384, なるほど、それでこそ男だ！
1385," どこがささやかだ！
お前自体が近所迷惑の一因を担ってるぞ！"
1386, 殴り込む！
1387,今まだ延岡とか帰りは何時になるやら…
1388,"うーわ、でた…
6時出勤…
もう少しだけ寝させて"
1389,"卒業記念品が｢サイクロン式スティッククリーナー｣とか、ホルンパートは例年通りの高クオリティやな笑
3人で2人分買ってきたことに驚きです！
私の部屋専用は掃除機なかったので助かります！"
1390,おー、やっとフォロワーが60人超えたわー笑
1391," おう！
いつでも！"
1392, こちらこそ、まともな思い出の方が少ないけどすごく楽しかった！
1393,"長い間や短い間、本当にお世話になりました！
学院関係者に成人式以外で会うことはおそらくもうないと思います！
だけどみんなとやってきたことは絶対に忘れません！
今まで本当にありがとうございました！"
1394,"  マジか！
これを機会にフォローしとこ"
1395, え、うちの妹Twitterやってんの？
1396, ごめんなさい。
1397, いやいや、何があった？
1398,"明日はなんと、待ちに待った、映画ソードアートオンラインの公開日です！
アスナに会いに映画館に行きます！"
1399," 心配にはおよばん！
俺、実は足長いから！"
1400, え、いきなりどした？
1401, 靴踏むひと！
1402, 明日は俺の番な！
1403,チームと合流するまで延岡に独りで4時間は暇すぎる…
1404,"そういえば明日は5時起きだったー泣
シフトのこと忘れかけてたわ！
うん、おやすみ！"
1405," うん、みたいだね！
うちだけかとおもったけど、共感者がいてよかったわ！"
1406," あー、やっぱり？
なに、思春期の女の子ってそうなの？"
1407, あんまり言うとかのが嫉妬するよ笑
1408,"妹のバレンタインの優先順位おかしくないか？笑
兄を差し置いて友達が先なのか…
お兄ちゃん泣いちゃうぞ"
1409, そうだね、写真集で我慢しとくよ…
1410," いやするから(*^^*)
させてよ！"
1411, うん、多分それはね、明日彼女が出来るくらいに低い可能性だね
1412, うん、ずっとことままなら良いのにって最近おもう！
1413," だな！
俺桜井日奈子と暮らせるならもう死んでもいいな笑"
1414, そんな妹と一緒に暮らすのもあと１ヶ月です
1415, うん、俺はいくらでも払うよ笑
1416, うーん、ならせめて桜井日奈子やな！
1417,"そういえば、我が妹は日曜日にバレンタインのお菓子をせっせと作ってて、俺も味見しながら出来上がりを楽しみに待ってた。
ところが！なかなか持ってこない！
まあ当日に渡すのだろうと待ってみること火曜の晩、やっともらえワクワクしながら開けてみると、隣のスーパーで買ってきたものだった…"
1418, いやいや家事代行とか新垣結衣並の働きと美貌でなきゃだめやな
1419," ありがとう！
まだまだ沢山あるよ笑"
1420, うん、なんか企んでるようにも見えるんだが？
1421,"妹｢ほとんどあんたの洗濯もんやから干しといて｣
俺｢ほーい｣
  
洗濯機を開ける
俺｢ほとんどお前のじゃねぇーか！｣と独りで突っ込むが、こんなことで妹に文句も言えず渋々干す繰り返し笑
俺将来詐欺の心配した方が良さそうやな…"
1422,"いろいろ食べたけど、これが1番美味しかった笑
えんぴつチョコに匹敵するなー！
わざわざありがとうございました。 "
1423,"また風邪ひいた。
うん、間違いなくあの露天風呂がまずかったな…"
1424,ラキパチの駐輪場に学院のチャリが止まってて笑った
1425," そんなたいそうな目標じゃないと思うよ笑
でも、みんなそう言ってくれてありがとう！"
1426," まあな笑
でも俺にはやらなきゃならない事があるから、稼がないと！笑"
1427," そういう事ね！
あー、ごめん、まだだったね笑"
1428," 金欠か笑
一応今んところはないけど、仕事があるようだったらそっちに回すわ！
てか、ふつーにバイトしたら？"
1429," ん？
どした？"
1430, まあ、そっちの方は副業やけど、きついよね笑
1431," そうなんだー笑
俺なんかバイトのおかげでがっつり筋肉がついたわ笑"
1432, いやいや、お前の方が楽しそうやん！
1433,朝の3時過ぎ、雪降る中の露天風呂。 
1434,昨日買ったドラクエが1日で全クリできそうな勢いや
1435, いいねぇ！バイトー！
1436,もう少ししたら露天風呂を入りに行こう！
1437," なすぽんか！！
さすがやな…"
1438,"RT : 海外武者修行記念試合として、宮崎で最後の試合です！
ルールはK-1ルールです！

高校生は特別に500円で入れます！

よろしくお願いします！ "
1439,RT : クラスマッチの話し合い 
1440,RT : クラスのマドンナへの気持ちあるある 
1441,インフルとかやめて…
1442, 俺も部活が終わった頃に行くよー
1443,"小川たくやと後継問題について語ってる笑
何やってんだろ…"
1444,  今ラインで問い詰めたら、前否定したよ
1445," マジか！？
ちょっとラインしてみるわ"
1446, 女か？
1447, なかじーを流行させよう！
1448," バチが当たるぞ！
なかじーの昔のあだ名『カビゴン』なんやぞ！"
1449,  中島先生だろ！
1450,"私はチョコが大好物です。
今の時期スーパーではバレンタインのチョコがたくさんならんでいます。
そこで私はそれらのチョコをいくつかカゴに入れ、自分で食べたいと思います！
(あんなに山積みしたら買ってまうやろ！)"
1451,"ちょっとまてー！！今のバス！
ICカードの読み取り機が壊れているため、カードもっとるやつは金払わず降りてよ、現金の俺だけ払わせてさ、損した感しかない！"
1452, 何時頃？
1453," マジか笑
わかったよ、まってて"
1454, まよってるー
1455, 風呂入んないの？
1456," おーマジか笑
俺今タリーズにおるでー"
1457,"いや、寒い！
それにしても笑ったなー。そろそろ家に帰ろー"
1458, それなら俺も買わねば！
1459, ブルーライトカットって、オシャレかよ！
1460," 俺が可愛いって？
お前に新しいメガネを買ってあげよう！
自分で言うのもあれやけど、心は黒いぞー"
1461," いやー、ほんっと羨ましい！
共になぐさめ合おうではないか！"
1462," いいねー、イケメンは！
黙っててもお客がやってくる笑"
1463," マジや！？
それはこうしろうさんもウハウハやろ"
1464, うわー、行きてー
1465," おう！
では、連絡お待ちしております！"
1466," そうや、ならできる限りアドバイスするよ
役に立てばいいけど…"
1467, 別に構わんけど、どんなこと聞くの？
1468," まあ、そのほうがいい使い方だよなー。
俺もそろそろ生活の見直しをするわー"
1469," やろ？
まあ、当たったためしがないだけやけど"
1470,こんなにも疲れてるのに、なぜ今ボーリング場にいるのか自分に聞きたい
1471, うるさいのあんまり好きじゃないからさー、ぱちは苦手かなー
1472, ふね
1473,"負け続けやん！
ストレスは増え、金は減るー"
1474,自宅学習期間(名目上→もちろん勉強なんてするわけがない)のため、今年のバレンタインは学校に行かない。よって、みじめな思いをしなくて済むわけだ笑笑
1475,"我が家の風呂場には韓国語で書かれた歌の歌詞が貼られてる(おそらく妹の仕業)。
しかし今日、新たに韓国語のシャンプーとボディーソープが追加された、おかげで頭を何で洗ったのか未だにわかっていない…
読めるわけないでしょ、ハングル文字なんて…"
1476,"そういえば、この間こたろーと部活引退以来初めて話したんだけど、会話の内容がカードゲームってどうかしてるよな…笑
ちなみに今もカードゲームしてるけどこんなに話したの部活以来やな…"
1477,"こーたろーとローグワン見に来たら、ほぼ隣の席に中村たかひろがいた。
今テスト期間中、担任は余裕ですね笑"
1478,"
皆さんも是非是非どうぞ！
アニメ好きは今からでも見ましょう"
1479,"アスナ。
いや、なんというか、うん、好きやわ。
だが、決してオタクではない！"
1480,"なんで目覚まし時計やる気ねぇんだよ！！
ちゃんと起こせや！"
1481,RT : 教習所の試験問題作ってたことあるけど、「カップルはひき殺してもよい」に○で答える奴が後を絶たない　Prism_Engine
1482,"さて、パソコン持ってマックでも行こうかな…
現在1時48分。"
1483, この１ヶ月で何があった…
1484," アホか笑
そこはちゃんとアフターサービスまで付けてやらないかんですわ！"
1485, そのあとの展開はないの？
1486,なぜ傷つけたくないか考えるんだ。そう、答えは簡単、大切だから。
1487,"疲れた身体を何も言わずにそっと抱いてくれる、夜はずっと一緒にいてくれる。

寒い季節だからこそ、布団の有り難みを感じます。"
1488,RT : 男「女はちょっとぽっちゃりぐらいがいいよなー」女「だよねー（テメェらの言うぽっちゃりはぽっちゃりじゃなくてグラマラスだろうがボケ！！）」 VS 女「年収とか気にしない。そこそこの人と結婚したーい」男「だよなー（オメェらのそこそこは全然そこそこじゃねぇ…
1489,"RT : 【センター試験に必要なもの】
鉛筆1本(マーク用)
鉛筆1本(計算用)
鉛筆2本(マーク用予備)
鉛筆3本(計算用予備)
鉛筆5本(忘れた人へ配布用)
鉛筆8本(周囲への威嚇用)
鉛筆13本(落ちつくための鑑賞用)
鉛筆21本(試験の神様降臨の儀式用)
鉛…"
1490," おう！
お疲れ様！
頑張ってね！"
1491,"明日が最後の学校か…
嬉しさよりも、寂しさの方が強い"
1492,"この時期に『君の名は』を観る事になるとは笑
これでも結構楽しみなんです"
1493,"RT : 周りからは、けなされ「無理だ」って言われてた。
でも他人に自分の限界を決めさせたくなかった。
〜田臥勇太〜
今日も1日楽しもう‼︎

#宮崎バスケ
#バスケショップ
#グリーンルーム
#今日の一言
#自分で選び自分を変えろ"
1494,"この１週間で20時間しか寝れてない笑
今日もすでに4時を回ろうとしていますが、明日は久しぶりの休みなので9時までは寝れます！！
でも、この勢だと寝坊するだろうな笑
とりあえず、おやすみ。"
1495,"RT : 学院の近くにバスケの専門店が出来てた！！
品揃えがいいからみんな是非行ってみて！ "
1496,RT : 新春と新アイテム  
1497,"日向学院の近くに新しく出来たバスケ専門のショップに、石川くんに連れられ行ってきました。
誰でも気軽に立ち寄れる感じで、オーナーの方もすごく話しかけやすかったです！ "
1498,"RT : はじめて家族で温泉旅行いったけど、
まさかのふつうに混浴大浴場でした"
1499, 却下
1500, 何に投資すんだよ！
1501," なぜに！？
投資はするけど、譲渡はしないね笑"
1502, 同情するよ！
1503, なら諦めな笑
1504, やれるもんなら笑
1505," 俺を倒すか、お前が死ぬか笑
どっちがいい？？笑笑"
1506," お兄さんてなんや！
妹はやらんぞ！！！"
1507, おぼえてろよ
1508, そうだね
1509,"俺の正月はいつもと何も変わらなかった笑
いつも通り起きて、いつも通り自転車で勤務先へ向かう、そして夜中に家へ帰る。
だが、そういう変わらない日常も悪くは無い。"
1510,初日の出行ってまいりました。 
1511,野郎どもと極楽湯で朝風呂
1512,"年明け早々寝坊しました。
友達は何回かインターホンを鳴らし、ポージングなどもしてました。
ですが、どうやら別の住民を必死に起こしてたようです。
私は10階なのですが、彼らは9階の人の睡眠を妨害してました。
その犯人たちです。 "
1513," ぜひ！
なんなら今からでも！"
1514," やろ！
俺は何においても独りやで！
プロなんやからな！カラオケや映画などの娯楽の名詞にはすべて頭に独りが付くで！"
1515, 俺はプロの独身なので慣れてます。
1516," そうやなー笑
パズルとか、独り人生ゲームとか面白いよ！"
1517, 俺なんか今家に塁が来たから寝ない！
1518,12時を回っての来客笑 
1519,今年のガキ使は面白い！
1520,"大晦日まで残業とは…
俺の2016は最後まで慌ただしいな(;´д｀)"
1521,"RT : 稽古収めしました👊🏽
最後の試合も勝てたし気持ちよく引退できました〜 "
1522,"今日は空手の稽古収めでした。
今年は受験の関係であまり行けませんでしたが、来年は積極的に参加します！ "
1523,"この３日間はクリスマス前後ということもあり、残業で仕事の帰りが遅くなりました。
家では母と妹がケーキやプレゼントを用意していたらしくて、本当に迷惑を掛けました...
全てにおいて笑顔あり、涙ありのクリスマスでした！ありがとうございます。
ハットの皆さんお疲れ様でした。"
1524," ガンバロー笑
てか、早く来い(*^^*)"
1525,"地獄の３日間がやって参りました、
店内は修羅場となるでしょうが、自分の業務を精一杯こなします笑
２度目のクリスマス泣"
1526,"うぉ！！！！！
みくりさーーーん！"
1527,RT : USJに「ドラクエ」来年3月登場　ダンジョンをリアル再現、モンスターとバトル  
1528,"おーおーおーおー！！！
胸きゅん胸きゅん！！"
1529,"携帯をポケットに入れてたら、めちゃくちゃになってたー！
へんなツイートはするし、10人以上に電話かけてて、、
今気づきました。すみませんでしたー。"
1530,1日の飯がピザ１枚だけとか、不健康すぎる。
1531,まさか空手が終わってボーリングするはめになるとわ...（苦笑）
1532, あ、わかる？
1533,"少し前36歳(独身)のクリスマスを散々バカにしたが...
今年は早めにサンタさんにプレゼントお願いしたら、なぜか俺の通帳の残高が減ったよね…
今年も寂しいクリスマスになりそうだ(T_T)"
1534, いつかいってみてよ！
1535, 一人ひとりのスペースは広いけど、全体的にはそこまで広くないよ！
1536,"いよいよ宮崎に帰ります。
１月も2月も3月もまた来ますが、、、 "
1537," とりあえず、周りにいる人達はもう金持ちの一言やね笑
俺の部屋より快適(笑）"
1538,"さすがに空港のVIPルームは初めて入るわ･･･
存在すら知らんかった笑
前々から気にはなってたけど、母は何者なのか？"
1539,道頓堀に来てお笑いを見ることになるとは...
1540,RT : ハグやらキスやら壁やらふんわりした表現の２人を少女のような気持ちでほんわか見守っていたら、あさっての方向から男むき出しのド直球　#逃げ恥 
1541,母と2人でステーキを食べに来て、値段がミヤチクの3倍以上だったのは大誤算泣
1542,ヒョウ柄のマフラー付けた大阪のおばちゃんとガトリング砲のような会話を10分交わすだけですでにヘトヘト...笑
1543,逃げ恥もたいぶ見づらくなったな...
1544,"でたでた、日向高校の修学旅行と同じ飛行機のやつや...
並びすぎやろ笑"
1545,"RT : 花音も学校でこれしてみたいな爆笑😂
ただのキチガイやん😂😂😂 "
1546,ナイスハグ
1547,"やらかしたー
塩酸を体にぶちまけたー
エプロン付けてて致命傷は免れた。"
1548,業務中、マネージャーと恋バナで盛り上がるテスト前日。
1549, なにそれ？
1550,"「今年のクリスマスプレゼント何お願いしようかなぁ。でも、終わってから何故か自分の通帳の残高減ってるんだよねぇ」と嘆いている独身(35歳)
今は笑ってるけど、将来おれもそうなるかもな笑"
1551,"でた、緊急招集...
しかたない、行くしかないか..."
1552,友達が誕生日に梅の飴と黄金糖が欲しいと言ったので、買ってきました！ 
1553,"しくった、制服を１枚無くした(￣□￣;)!!
これはマネージャーに怒られるやつやな"
1554," 
モデル並み "
1555,本気でマネージャーのこと尊敬してます！
1556,"RT : 誰に恋をしているのか分かる方法。 #マンガ ""
ななみ先輩ですね。(*/▽＼*)ｷｬｯﾊ…///
だぁーーい好きですよ!!爆笑😘💕"
1557,"なに、今日は皆さんピザの日なんですか？
まぢ疲れた"
1558,"RT : これは泣ける😭
涙が止まらない😭 "
1559,  いいよぉ！
1560,  おう！行くか！
1561, いくか
1562,"途中中断されたものの再開！
#水平線の花火と音楽 "
1563,花火始まりましたが、あいにくの雨泣 
1564,"主催者の泉谷しげるです
間もなく花火が始まります
#水平線の花火と音楽 "
1565,"雨の中水平線の花火と音楽にやって来てます！
アナ雪以来のファンであるMayJ.に会えて良かったです！ "
1566,テスト前なのに阿蘇ファームランド 
